N10156,Embraer EMB-145XR,20
N101DQ,Airbus A321-211,4
N101DU,C Series Aircraft Ltd Ptnrsp BD-500-1A10,6
N101HQ,Embraer-Empresa Brasileira De ERJ 170-200 LR,17
N101NN,Airbus Industrie A321-231,11
N102DN,Airbus A321-211,4
N102DU
N102HQ,Embraer-Empresa Brasileira De ERJ 170-200 LR,17
N102NN,Airbus A321-231,11
N102UW,Airbus Industrie A320-214,26
N103DU
N103DY,Airbus A321-211,4
N103HQ,Embraer-Empresa Brasileira De ERJ 170-200 LR,17
N103NN,Airbus A321-231,11
N103SY,Embraer S A ERJ 170-200 LR,10
N103US,Airbus Industrie A320-214,25
N104DN
N104DU
N104HQ,Embraer-Empresa Brasileira De ERJ 170-200 LR,17
N104NN,Airbus A321-231,11
N104UW,Airbus Industrie A320-214,25
N105DU,C Series Aircraft Ltd Ptnrsp BD-500-1A10,5
N105DX,Airbus A321-211,4
N105HQ,Embraer ERJ 170-200 LR,17
N105NK,Airbus Helicopters Inc MBB-BK 117 C-2,4
N105NN,Airbus A321-231,11
N105SY,Embraer S A ERJ 170-200 LR,10
N105UW,Airbus Industrie A320-214,25
N106DN,Airbus A321-211,4
N106DU,C Series Aircraft Ltd Ptnrsp BD-500-1A10,5
N106HQ,Embraer ERJ 170-200 LR,17
N106NN,Airbus Industrie A321-231,10
N106SY,Embraer S A ERJ 170-200 LR,10
N107DN,Airbus A321-211,4
N107DU,C Series Aircraft Ltd Ptnrsp BD-500-1A10,5
N107HQ,Embraer-Empresa Brasileira De ERJ 170-200 LR,17
N107NN,Airbus Industrie A321-231,10
N107SY,Embraer S A ERJ 170-200 LR,10
N107US,Airbus Industrie A320-214,25
N108DN,Airbus A321-211,3
N108DQ
N108HQ,Embraer-Empresa Brasileira De ERJ 170-200 LR,17
N108NN,Airbus Industrie A321-231,10
N108SY,Embraer S A ERJ 170-200 LR,10
N108UW,Airbus Industrie A320-214,25
N109DN,Airbus A321-211,3
N109DU,C Series Aircraft Ltd Ptnrsp BD-500-1A10,5
N109HQ,Embraer-Empresa Brasileira De ERJ 170-200 LR,17
N109NN,Airbus Industrie A321-231,10
N109SY,Embraer S A ERJ 170-200 LR,10
N109UW,Airbus Industrie A320-214,25
N110AN,Airbus Industrie A321-231,10
N110DU,C Series Aircraft Ltd Ptnrsp BD-500-1A10,5
N110DX,Airbus A321-211,3
N110HQ,Embraer-Empresa Brasileira De ERJ 170-200 LR,17
N110SY,Embraer S A ERJ 170-200 LR,10
N110UW,Airbus Industrie A320-214,25
N11150,Embraer EMB-145XR,21
N11164,Embraer EMB-145XR,20
N11165,Embraer EMB-145XR,20
N11176,Embraer EMB-145XR,20
N11181,Embraer EMB-145XR,19
N11184,Embraer EMB-145XR,19
N11189,Embraer EMB-145XR,19
N11191,Embraer EMB-145XR,19
N11192,Embraer EMB-145XR,19
N11193,Embraer EMB-145XR,19
N11199,Embraer EMB-145XR,18
N111DC,Airbus A321-211,3
N111HQ,Embraer-Empresa Brasileira De ERJ 170-200 LR,17
N111NG,C Series Aircraft Ltd Ptnrsp BD-500-1A10,5
N111US,Airbus Industrie A320-214,25
N111ZM,Airbus Industrie A321-231,10
N11206,Boeing 737-824,24
N112AN,Airbus Industrie A321-231,10
N112DN,Airbus Sas A321-211,3
N112DU,C Series Aircraft Ltd Ptnrsp BD-500-1A10,5
N112HQ,Embraer ERJ 170-200 LR,17
N112US,Airbus Industrie A320-214,25
N113AN,Airbus Industrie A321-231,10
N113DQ,C Series Aircraft Ltd Ptnrsp BD-500-1A10,5
N113DX,Airbus A321-211,3
N113HQ,Embraer-Empresa Brasileira De ERJ 170-200 LR,17
N113SY,Embraer S A ERJ 170-200 LR,10
N114DN,Airbus A321-211,3
N114DU,C Series Aircraft Ltd Ptnrsp BD-500-1A10,5
N114HQ,Embraer-Empresa Brasileira De ERJ 170-200 LR,17
N114SY,Embraer ERJ 170-200 LR,10
N114UW,Airbus Industrie A320-214,25
N115DN,Airbus A321-211,3
N115DU,Airbus Canada Ltd Ptnrsp BD-500-1A10,5
N115HQ,Embraer-Empresa Brasileira De ERJ 170-200 LR,17
N115NN,Airbus Industrie A321-231,10
N116AN,Airbus Industrie A321-231,10
N116DN,Airbus Sas A321-211,3
N116DU,Airbus Canada Ltd Ptnrsp BD-500-1A10,5
N116HQ,Embraer-Empresa Brasileira De ERJ 170-200 LR,17
N116SY,Embraer ERJ 170-200 LR,10
N117AN,Airbus A321-231,10
N117DU,Airbus Canada Ltd Ptnrsp BD-500-1A10,5
N117DX,Airbus A321-211,3
N117HQ,Embraer-Empresa Brasileira De ERJ 170-200 LR,17
N117SY,Embraer S A ERJ 170-200 LR,10
N117UW,Airbus Industrie A320-214,24
N118DU,Airbus Canada Ltd Ptnrsp BD-500-1A10,5
N118DY,Airbus A321-211,3
N118HQ,Embraer ERJ 170-200 LR,17
N118NN,Airbus Industrie A321-231,10
N118SY,Embraer S A ERJ 170-200 LR,10
N118US,Airbus Industrie A320-214,24
N119DN,Airbus A321-211,3
N119DU,Airbus Canada Ltd Ptnrsp BD-500-1A10,5
N119HQ,Embraer-Empresa Brasileira De ERJ 170-200 LR,17
N119NN,Airbus A321-231,10
N119SY,Embraer S A ERJ 170-200 LR,10
N119US,Airbus Industrie A320-214,24
N12003
N12004,Boeing 787-10,5
N12005,Boeing 787-10,5
N12006,Boeing 787-10,5
N1200K,Boeing 767-332,26
N12010,Boeing 787-10,5
N12012,Boeing 787-10,4
N1201P,Boeing 767-332,26
N12020,Boeing 787-10,2
N12021,Boeing 787-10,2
N12028,Airbus A319-115,9
N120DN,Airbus A321-211,3
N120DU,Airbus Canada Ltd Ptnrsp BD-500-1A10,5
N120EE,Airbus Industrie A321-231,10
N120SY,Embraer S A ERJ 170-200 LR,10
N12109,Boeing 757-224,30
N12114,Boeing 757-224,29
N12116,Boeing 757-224,28
N12125,Boeing 757-224,26
N12135,Embraer EMB-145XR,21
N12136,Embraer EMB-145XR,21
N12142,Embraer EMB-145XR,21
N12145,Embraer EMB-145XR,21
N12160,Embraer EMB-145XR,20
N12163,Embraer EMB-145XR,20
N12167,Embraer EMB-145XR,20
N12175,Embraer EMB-145XR,20
N12195,Embraer EMB-145XR,19
N121AN,Airbus A321-231,10
N121DU,Airbus Canada Ltd Ptnrsp BD-500-1A10,5
N121DZ,Airbus A321-211,3
N121HQ,Embraer-Empresa Brasileira De ERJ 170-200 LR,17
N121SY,Embraer S A ERJ 170-200 LR,10
N121UW,Airbus Industrie A320-214,24
N12201,Embraer EMB-145XR,18
N12216,Boeing 737-824,26
N12218,Boeing 737-824,26
N12221,Boeing 737-824,26
N12225,Boeing 737-824,26
N12238,Boeing 737-824,25
N122DN,Airbus A321-211,3
N122DU,Airbus Canada Ltd Ptnrsp BD-500-1A10,5
N122HQ,Embraer ERJ 170-200 LR,17
N122NN,Airbus A321-231,10
N122SY,Embraer S A ERJ 170-200 LR,10
N122US,Airbus Industrie A320-214,24
N123DQ,Airbus Canada Ltd Ptnrsp BD-500-1A10,5
N123DW,Airbus A321-211,3
N123HQ,Embraer ERJ 170-200 LR,17
N123NN,Airbus A321-231,10
N123UW,Airbus Industrie A320-214,24
N124AA,Airbus A321-231,10
N124DU,Airbus Canada Ltd Ptnrsp BD-500-1A10,5
N124DX,Airbus A321-211,3
N124HQ,Embraer-Empresa Brasileira De ERJ 170-200 LR,17
N124SY,Embraer S A ERJ 170-200 LR,10
N124US,Airbus Industrie A320-214,24
N125AA,Airbus A321-231,10
N125DN,Airbus A321-211,3
N125DU,Airbus Canada Ltd Ptnrsp BD-500-1A10,5
N125SY,Embraer S A ERJ 170-200 LR,10
N125UW,Airbus A320-214,15
N126AN,Airbus A321-231,10
N126DN,Airbus A321-211,3
N126DU,Airbus Canada Ltd Ptnrsp BD-500-1A10,5
N126HQ,Embraer-Empresa Brasileira De ERJ 170-200 LR,16
N126UW,Airbus A320-214,15
N12754,Boeing 737-700,22
N127AA,Airbus A321-231,10
N127DN,Airbus A321-211,3
N127DU,Airbus Canada Ltd Ptnrsp BD-500-1A10,5
N127HQ,Embraer-Empresa Brasileira De ERJ 170-200 LR,16
N127SY,Embraer S A ERJ 170-200 LR,10
N127UW,Airbus A320-214,14
N128AN,Airbus A321-231,10
N128DN,Airbus A321-211,3
N128DU,Airbus Canada Ltd Ptnrsp BD-500-1A10,5
N128HQ,Embraer-Empresa Brasileira De ERJ 170-200 LR,16
N128SY,Embraer S A ERJ 170-200 LR,10
N128UW,Airbus A320-214,14
N129AA,Airbus A321-231,10
N129DN,Airbus A321-211,3
N129DU
N129HQ,Embraer-Empresa Brasileira De ERJ 170-200 LR,16
N13013,Boeing 787-10,4
N13014,Boeing 787-10,1
N13018,Boeing 787-10,2
N130AN,Airbus A321-231,10
N130DU,Airbus Canada Ltd Ptnrsp BD-500-1A10,4
N130SY,Embraer S A ERJ 170-200 LR,9
N13110,Boeing 757-224,30
N13113,Boeing 757-224,29
N13124,Embraer EMB-145XR,21
N13138,Boeing 757-224,25
N13161,Embraer EMB-145XR,20
N131DU,Airbus Canada Ltd Ptnrsp BD-500-1A10,4
N131EV,Bombardier Inc CL-600-2D24,15
N131HQ,Embraer-Empresa Brasileira De ERJ 170-200 LR,16
N131NN,Airbus A321-231,9
N131SY,Embraer S A ERJ 170-200 LR,9
N13202,Embraer EMB-145XR,18
N13227,Boeing 737-824,25
N13248,Boeing 737-824,25
N132AN,Airbus A321-231,9
N132DU,Airbus Canada Ltd Ptnrsp BD-500-1A10,4
N132EV,Bombardier Inc CL-600-2D24,15
N132HQ,Embraer-Empresa Brasileira De ERJ 170-200 LR,16
N132SY,Embraer S A ERJ 170-200 LR,9
N133AN,Airbus A321-231,9
N133DU,Airbus Canada Ltd Ptnrsp BD-500-1A10,4
N133EV,Bombardier Inc CL-600-2D24,15
N133HQ,Embraer ERJ 170-200 LR,16
N133SY,Embraer S A ERJ 170-200 LR,9
N134AN,Airbus A321-231,9
N134DU,Airbus Canada Ltd Ptnrsp BD-500-1A10,4
N134EV,Bombardier Inc CL-600-2D24,15
N134HQ,Embraer-Empresa Brasileira De ERJ 170-200 LR,16
N134SY,Embraer S A ERJ 170-200 LR,9
N135DQ,Airbus Canada Ltd Ptnrsp BD-500-1A10,4
N135EV,Bombardier Inc CL-600-2D24,15
N135HQ,Embraer-Empresa Brasileira De ERJ 170-200 LR,16
N135NK,Eurocopter Deutschland Gmbh EC 135 P2+,18
N135NN,Airbus A321-231,9
N135SY,Embraer S A ERJ 170-200 LR,9
N136AN,Airbus A321-231,9
N136DQ,Airbus Canada Ltd Ptnrsp BD-500-1A10,4
N136EV,Bombardier Inc CL-600-2D24,15
N136HQ,Embraer-Empresa Brasileira De ERJ 170-200 LR,16
N136SY,Embraer S A ERJ 170-200 LR,9
N13716,Boeing 737-724,26
N13718,Boeing 737-724,25
N13720,Boeing 737-724,25
N13750,Boeing 737-724,25
N137AA,Airbus A321-231,9
N137DU,Airbus Canada Ltd Ptnrsp BD-500-1A10,4
N137EV,Bombardier Inc CL-600-2D24,15
N137HQ,Embraer-Empresa Brasileira De ERJ 170-200 LR,16
N138AN,Airbus A321-231,9
N138DU,Airbus Canada Ltd Ptnrsp BD-500-1A10,4
N138EV,Bombardier Inc CL-600-2D24,15
N138HQ,Embraer-Empresa Brasileira De ERJ 170-200 LR,16
N138SY,Embraer S A ERJ 170-200 LR,9
N13954,Boeing 787-9,9
N139AN,Airbus A321-231,9
N139DU
N139SY,Embraer S A ERJ 170-200 LR,9
N14001,Boeing 787-10,6
N14011,Boeing 787-10,5
N14016,Boeing 787-10,2
N14019,Boeing 787-10,2
N140AN,Airbus A321-231,9
N140DU
N140SY,Embraer S A ERJ 170-200 LR,9
N14102,Boeing 757-224,30
N14106,Boeing 757-224,30
N14107,Boeing 757-224,30
N14115,Boeing 757-224,29
N14118,Boeing 757-224,27
N14120,Boeing 757-224,27
N14125,Embraer EMB-145XR,21
N14143,Embraer EMB-145XR,21
N14148,Embraer EMB-145XR,21
N14153,Embraer EMB-145XR,21
N14158,Embraer EMB-145XR,20
N14162,Embraer EMB-145XR,20
N14168,Embraer EMB-145XR,20
N14173,Embraer EMB-145XR,20
N14174,Embraer EMB-145XR,20
N14177,Embraer EMB-145XR,19
N14179,Embraer EMB-145XR,19
N14180,Embraer EMB-145XR,19
N14186,Embraer EMB-145XR,19
N14188,Embraer EMB-145XR,19
N14198,Embraer EMB-145XR,18
N141DU
N141NN,Airbus A321-231,9
N141SY,Embraer S A ERJ 170-200 LR,9
N14203,Embraer EMB-145XR,18
N14214,Boeing 737-824,26
N14219,Boeing 737-824,26
N14228,Boeing 737-824,25
N14230,Boeing 737-824,25
N14231,Boeing 737-824,25
N14235,Boeing 737-824,25
N14237,Boeing 737-824,25
N14240,Boeing 737-824,25
N14242,Boeing 737-824,25
N14249,Boeing 737-824,25
N14250,Boeing 737-824,25
N142AN,Airbus A321-231,9
N142DU,Airbus Canada Ltd Ptnrsp BD-500-1A10,2
N142SY,Embraer S A ERJ 170-200 LR,9
N143AN,Airbus A321-231,9
N143DU,Airbus Canada Ltd Ptnrsp BD-500-1A10,2
N143SY,Embraer S A ERJ 170-200 LR,9
N144AN,Airbus A321-231,9
N144DU,Airbus Canada Ltd Ptnrsp BD-500-1A10,2
N144SY,Embraer S A ERJ 170-200 LR,9
N14502,Airbus S A S A321-271NX,1
N145AN,Airbus A321-231,9
N145DQ,Airbus Canada Ltd Ptnrsp BD-500-1A10,2
N145SY,Embraer S A ERJ 170-200 LR,9
N146AA,Airbus A321-231,9
N146PQ,Bombardier Inc CL-600-2D24,17
N146SY,Embraer S A ERJ 170-200 LR,9
N14704,Boeing 737-724,26
N14731,Boeing 737-724,25
N14735,Boeing 737-724,25
N147AA,Airbus A321-231,9
N147PQ,Bombardier Inc CL-600-2D24,17
N148AN,Airbus A321-231,9
N148SY,Embraer S A ERJ 170-200 LR,9
N149AN,Airbus A321-231,9
N149SY,Embraer S A ERJ 170-200 LR,9
N150NN,Airbus A321-231,9
N150SY,Embraer S A ERJ 170-200 LR,9
N150UW,Airbus A321-211,11
N151AN,Airbus A321-231,9
N151SY,Embraer S A ERJ 170-200 LR,9
N151UW,Airbus A321-211,11
N152AA,Airbus A321-231,9
N152NK
N152SY,Embraer S A ERJ 170-200 LR,8
N152UW,Airbus A321-211,11
N153AN,Airbus A321-231,9
N153PQ,Bombardier Inc CL-600-2D24,17
N153SY,Embraer S A ERJ 170-200 LR,8
N153UW,Airbus A321-211,11
N154AA,Airbus A321-231,8
N154SY,Embraer S A ERJ 170-200 LR,8
N154UW,Airbus A321-211,11
N155NN,Airbus A321-231,8
N155UW,Airbus A321-211,11
N156AN,Airbus A321-231,8
N156SY,Embraer ERJ 170-200 LR,8
N156UW,Airbus A321-211,11
N15710,Boeing 737-724,26
N15712,Boeing 737-724,26
N15751,Boeing 737-71Q,25
N157AA,Airbus A321-231,8
N157SY,Embraer S A ERJ 170-200 LR,8
N157UW,Airbus A321-211,11
N158AN,Airbus A321-231,8
N15969,Boeing 787-9,7
N159AN,Airbus A321-231,8
N16008,Boeing 787-10,5
N16009,Boeing 787-10,5
N1602,Boeing 767-332,25
N1603,Boeing 767-332,25
N1604R,Boeing 767-332,25
N1605,Boeing 767-332,25
N16065,Boeing 767-332,25
N160AN,Airbus A321-231,8
N160SY,Embraer ERJ 170-200 LR,8
N16147,Embraer EMB-145XR,21
N16149,Embraer EMB-145XR,21
N16151,Embraer EMB-145XR,21
N16170,Embraer EMB-145XR,20
N16178,Embraer EMB-145XR,19
N16183,Embraer EMB-145XR,19
N161AA,Airbus A321-231,8
N161PQ,Bombardier Inc CL-600-2D24,16
N161SY,Embraer ERJ 170-200 LR,8
N161UW,Airbus Industrie A321-211,23
N16217,Boeing 737-824,26
N16234,Boeing 737-824,25
N162AA,Airbus A321-231,8
N162PQ,Bombardier Inc CL-600-2D24,16
N162SY,Embraer S A ERJ 170-200 LR,8
N162UW,Airbus Industrie A321-211,23
N163AA,Airbus A321-231,8
N163SY,Embraer S A ERJ 170-200 LR,8
N163US,Airbus Industrie A321-211,23
N164NN,Airbus A321-231,8
N164SY,Embraer ERJ 170-200 LR,8
N165NN,Airbus A321-231,8
N165SY,Embraer S A ERJ 170-200 LR,8
N165US,Airbus Industrie A321-211,23
N166NN,Airbus A321-231,8
N166PQ,Bombardier Inc CL-600-2D24,16
N166SY,Embraer S A ERJ 170-200 LR,8
N16701,Boeing 737-724,26
N16703,Boeing 737-724,26
N16709,Boeing 737-724,26
N16713,Boeing 737-724,26
N16732,Boeing 737-724,25
N167AN,Airbus A321-231,8
N167SY,Embraer S A ERJ 170-200 LR,8
N167US,Airbus Industrie A321-211,23
N168SY,Embraer S A ERJ 170-200 LR,8
N169DZ,Boeing 767-332,26
N169UW,Airbus Industrie A321-211,23
N17002,Boeing 787-10,6
N17015,Boeing 787-10,1
N17017,Boeing 787-10,2
N170PQ,Bombardier Inc CL-600-2D24,16
N170SY,Embraer S A ERJ 170-200 LR,9
N170US,Airbus Industrie A321-211,23
N17104,Boeing 757-224,30
N17105,Boeing 757-224,30
N17122,Boeing 757-224,27
N17126,Boeing 757-224,26
N17128,Boeing 757-224,26
N17133,Boeing 757-224,26
N17138,Embraer EMB-145XR,21
N17139,Boeing 757-224,24
N17146,Embraer EMB-145XR,21
N17159,Embraer EMB-145XR,20
N17169,Embraer EMB-145XR,20
N17196,Embraer EMB-145XR,19
N171DN,Boeing 767-332,34
N171DZ,Boeing 767-332,26
N171SY,Embraer S A ERJ 170-200 LR,9
N171US,Airbus Industrie A321-211,23
N17229,Boeing 737-824,25
N17233,Boeing 737-824,25
N17244,Boeing 737-824,25
N17245,Boeing 737-824,25
N17254,Boeing 737-8,3
N17262,Boeing 737-8,3
N17264,Boeing 737-8,3
N17265,Boeing 737-8,3
N17272,Boeing 737-8,2
N17279,Boeing 737-8,2
N17285,Boeing 737-8,2
N17289,Boeing 737-8,1
N17294,Boeing 737-8,1
N17296,Boeing 737-8,1
N172DN,Boeing 767-332,34
N172DZ,Boeing 767-332,26
N172US,Airbus Industrie A321-211,23
N17300,Boeing 737-8,1
N17301,Boeing 737-8,1
N17302,Boeing 737-8,1
N17303,Boeing 737-8,1
N17306,Boeing 737-8,1
N17309,Boeing 737-8,1
N17310,Boeing 737-8,1
N17311,Boeing 737-8,1
N17312,Boeing 737-8,5
N17314,Boeing 737-8,1
N17316,Boeing 737-8,1
N17317,Boeing 737-8,1
N17320,Boeing 737-8,1
N17321,Boeing 737-8,1
N17322,Boeing 737-8,1
N17326,Boeing 737-8,1
N17327
N17329,Boeing 737-8,1
N17333
N173DZ,Boeing 767-332,26
N173SY,Embraer S A ERJ 170-200 LR,9
N173US,Airbus Industrie A321-211,23
N174DN,Boeing 767-332,34
N174DZ,Boeing 767-332,26
N174SY,Embraer S A ERJ 170-200 LR,9
N174US
N17529
N17550
N17557,Boeing 737-9,1
N17564,Boeing 737-9,1
N17565,Boeing 737-9,1
N17566,Boeing 737-9,1
N17574,Boeing 737-9,1
N175DN,Boeing 767-332,34
N175DZ,Boeing 767-332,25
N175SY,Embraer S A ERJ 170-200 LR,9
N176DN,Boeing 767-332,34
N176DZ,Boeing 767-332,25
N176PQ,Bombardier Inc CL-600-2D24,16
N176SY,Embraer S A ERJ 170-200 LR,8
N176UW,Airbus Industrie A321-211,23
N17719,Boeing 737-724,25
N17730,Boeing 737-724,25
N17752,Boeing 737-71Q,25
N17753,Boeing 737-7V3,22
N177DN,Boeing 767-332,33
N177DZ,Boeing 767-332,25
N177NK
N177SY,Embraer S A ERJ 170-200 LR,8
N177US
N177XF,Airbus A319-112,18
N178DN,Boeing 767-332,33
N178DZ,Boeing 767-332,24
N178SY,Embraer S A ERJ 170-200 LR,8
N178US,Airbus Industrie A321-211,23
N17963,Boeing 787-9,8
N179DN,Boeing 767-332,33
N179JB
N179SY,Embraer S A ERJ 170-200 LR,8
N179UW,Airbus Industrie A321-211,23
N1801U,Boeing 737-8,2
N1802U,Boeing 737-8,2
N1803U,Boeing 737-8,2
N1804U,Boeing 737-8,2
N1805U,Boeing 737-8,2
N1806U,Boeing 737-8,2
N1807U,Boeing 737-8,2
N1808U,Boeing 737-8,2
N1809U,Boeing 737-8,2
N180DN,Boeing 767-332,32
N180US,Airbus Industrie A321-211,23
N1810U,Boeing 737-8,2
N18112,Boeing 757-224,29
N18119,Boeing 757-224,27
N1811U,Boeing 737-8,2
N181DN,Boeing 767-332,32
N181GJ,Bombardier Inc CL-600-2D24,16
N181PQ,Bombardier Inc CL-600-2D24,16
N181SY,Embraer S A ERJ 170-200 LR,8
N181UW
N18220,Boeing 737-824,26
N18223,Boeing 737-824,26
N18243,Boeing 737-824,25
N182DN,Boeing 767-332,32
N182GJ,Bombardier Inc CL-600-2D24,16
N182SY,Embraer S A ERJ 170-200 LR,8
N182UW,Airbus Industrie A321-211,23
N183DN,Boeing 767-332,31
N183GJ,Bombardier Inc CL-600-2D24,16
N183JB
N183SY,Embraer S A ERJ 170-200 LR,8
N183UW,Airbus Industrie A321-211,23
N184DN,Boeing 767-332,31
N184GJ,Bombardier Inc CL-600-2D24,16
N184JB,Embraer ERJ 190-100 IGW,19
N184SY,Embraer S A ERJ 170-200 LR,8
N184US,Airbus Industrie A321-211,22
N185DN,Boeing 767-332,29
N185SY,Embraer ERJ 170-200 LR,8
N185UW,Airbus Industrie A321-211,22
N186DN,Boeing 767-332,29
N186GJ,Bombardier Inc CL-600-2D24,16
N186PQ,Bombardier Inc CL-600-2D24,16
N186SY,Embraer ERJ 170-200 LR,8
N186US,Airbus A321-211,22
N187DN,Boeing 767-332,28
N187GJ,Bombardier Inc CL-600-2D24,16
N187JB,Embraer ERJ 190-100 IGW,19
N187PQ,Bombardier Inc CL-600-2D24,16
N187SY,Embraer S A ERJ 170-200 LR,7
N187US,Airbus A321-211,22
N188DN,Boeing 767-332,28
N188SY,Embraer S A ERJ 170-200 LR,7
N188US,Airbus A321-211,22
N189DN,Boeing 767-332,27
N189SY,Embraer S A ERJ 170-200 LR,7
N189UW,Airbus Industrie A321-211,23
N1902U
N190DN,Boeing 767-332,27
N190JB,Embraer ERJ 190-100 IGW,19
N190NV,Airbus A320-214,9
N190UW,Airbus Industrie A321-211,23
N19117,Boeing 757-224,28
N19130,Boeing 757-224,26
N19136,Boeing 757-224,25
N19141,Boeing 757-224,24
N191DN,Boeing 767-332,27
N191NV,Airbus A320-214,9
N191SY,Embraer S A ERJ 170-200 LR,7
N191UW,Airbus Industrie A321-211,23
N192DN,Boeing 767-332,27
N192JB,Embraer ERJ 190-100 IGW,19
N192NV,Airbus A320-214,9
N192SY,Embraer S A ERJ 170-200 LR,7
N192UW,Airbus Industrie A321-211,23
N193DN,Boeing 767-332,27
N193JB,Embraer ERJ 190-100 IGW,19
N193NV,Airbus A320-214,9
N193SY,Embraer S A ERJ 170-200 LR,7
N193UW,Airbus A321-211,16
N194DN,Boeing 767-332,27
N194NV,Airbus A320-214,9
N194SY,Embraer S A ERJ 170-200 LR,7
N194UW
N195DN,Boeing 767-332,27
N195NV,Airbus A320-214,8
N195PQ,Bombardier Inc CL-600-2D24,16
N195SY,Embraer S A ERJ 170-200 LR,7
N195UW,Airbus A321-211,16
N196DN,Boeing 767-332,27
N196NV,Airbus A320-214,8
N196SY,Embraer S A ERJ 170-200 LR,6
N196UW,Airbus A321-211,15
N197DN,Boeing 767-332,27
N197JB,Embraer ERJ 190-100 IGW,18
N197NV,Airbus A320-214,8
N197PQ,Bombardier Inc CL-600-2D24,16
N197SY,Embraer S A ERJ 170-200 LR,6
N197UW,Airbus A321-211,15
N198DN,Boeing 767-332,26
N198JB,Embraer ERJ 190-100 IGW,18
N198NV,Airbus A320-214,8
N198SY,Embraer S A ERJ 170-200 LR,6
N198UW,Airbus A321-211,11
N19951,Boeing 787-9,10
N19986,Boeing 787-9,3
N199DN,Boeing 767-332,26
N199NV,Airbus A320-214,8
N199SY,Embraer S A ERJ 170-200 LR,6
N199UW,Airbus A321-211,11
N2002J,Airbus A321-271NX,5
N200NK
N200NN,Embraer S A ERJ 170-200 LR,9
N200NV,Boeing 737-800,8
N200PQ,Bombardier Inc CL-600-2D24,16
N200SY,Embraer S A ERJ 170-200 LR,8
N200WN,Boeing 737-7H4,19
N2016J,Airbus A321-271NX,5
N2017J,Airbus A321-271NX,5
N201JQ,Embraer-Empresa Brasileira De ERJ 170-200 LR,16
N201LV,Boeing 737-7H4,19
N201NN,Embraer S A ERJ 170-200 LR,9
N2027J,Airbus A321-271NX,5
N2029J,Airbus A321-271NX,5
N202HA,Airbus A321-271N,7
N202JQ,Embraer-Empresa Brasileira De ERJ 170-200 LR,16
N202NN,Embraer S A ERJ 170-200 LR,9
N202NV,Airbus A320-214,11
N202SY,Embraer S A ERJ 170-200 LR,8
N202WN,Boeing 737-7H4,19
N2038J,Airbus A321-271NX,5
N2039J,Airbus A321-271NX,4
N203JB,Embraer ERJ 190-100 IGW,18
N203JQ,Embraer-Empresa Brasileira De ERJ 170-200 LR,16
N203NN,Embraer S A ERJ 170-200 LR,9
N203NV,Airbus A320-214,12
N203SY,Embraer S A ERJ 170-200 LR,8
N203WN,Boeing 737-7H4,19
N2043J,Airbus A321-271NX,4
N2044J,Airbus A321-271NX,4
N2047J,Airbus A321-271NX,4
N2048J,Airbus A321-271NX,4
N204HA,Airbus A321-271N,7
N204JQ,Embraer-Empresa Brasileira De ERJ 170-200 LR,16
N204NN,Embraer S A ERJ 170-200 LR,9
N204NV,Airbus Industrie A320-214,12
N204SY,Embraer S A ERJ 170-200 LR,8
N204UA,Boeing 777-222,25
N204WN,Boeing 737-7H4,19
N2059J,Airbus A321-271NX,3
N205HA,Airbus A321-271N,6
N205JQ,Embraer-Empresa Brasileira De ERJ 170-200 LR,16
N205NN,Embraer S A ERJ 170-200 LR,9
N205NV,Airbus A320-214,11
N205SY,Embraer S A ERJ 170-200 LR,7
N205WN,Boeing 737-7H4,19
N2060J
N206JB,Embraer ERJ 190-100 IGW,18
N206JQ,Embraer-Empresa Brasileira De ERJ 170-200 LR,16
N206NN,Embraer S A ERJ 170-200 LR,9
N206NV,Airbus A320-214,12
N206SY,Embraer S A ERJ 170-200 LR,7
N206UA,Boeing 777-222,25
N206WN,Boeing 737-7H4,19
N207AN,Embraer ERJ 170-200 LR,9
N207JQ,Embraer-Empresa Brasileira De ERJ 170-200 LR,16
N207NV,Airbus A320-214,11
N207PS,Bombardier Inc CL-600-2B19,21
N207SY,Embraer S A ERJ 170-200 LR,7
N207WN,Boeing 737-7H4,19
N2084J,Airbus A321-271NX,4
N2086J,Airbus A321-271NX,4
N208AN,Embraer S A ERJ 170-200 LR,9
N208HA,Airbus A321-271N,6
N208JQ,Embraer-Empresa Brasileira De ERJ 170-200 LR,16
N208NV,Airbus A320-214,11
N208SY,Embraer S A ERJ 170-200 LR,7
N208WN,Boeing 737-7H4,19
N20904,Boeing 787-8,12
N209HA,Airbus A321-271N,6
N209JQ,Embraer-Empresa Brasileira De ERJ 170-200 LR,16
N209NN,Embraer S A ERJ 170-200 LR,9
N209NV,Airbus A320-214,11
N209SY,Embraer S A ERJ 170-200 LR,7
N209UA,Boeing 777-222,25
N209WN,Boeing 737-7H4,19
N2102J,Airbus A321-271NX,3
N2105J,Airbus A321-271NX,3
N210FR
N210JQ,Embraer-Empresa Brasileira De ERJ 170-200 LR,16
N210NN,Embraer S A ERJ 170-200 LR,9
N210NV,Airbus A320-214,11
N210UA,Boeing 777-222,24
N210WN,Boeing 737-7H4,19
N21108,Boeing 757-224,30
N21129,Embraer EMB-145XR,21
N21144,Embraer EMB-145XR,21
N21154,Embraer EMB-145XR,21
N21197,Embraer EMB-145XR,18
N211FR
N211JQ,Embraer-Empresa Brasileira De ERJ 170-200 LR,16
N211NN,Embraer S A ERJ 170-200 LR,9
N211NV,Airbus A320-214,11
N211SY,Embraer S A ERJ 170-200 LR,7
N211UA,Boeing 777-222,24
N211WN,Boeing 737-7H4,19
N212HA,Airbus A321-271N,6
N212JQ,Embraer-Empresa Brasileira De ERJ 170-200 LR,16
N212NN,Embraer S A ERJ 170-200 LR,9
N212NV,Airbus S A S A320-214,11
N212UA,Boeing 777-222,24
N212WN,Boeing 737-7H4,19
N2135U,Boeing 777-300ER,7
N2136U,Boeing 777-300ER,7
N2138U,Boeing 777-300ER,7
N213FR
N213HA,Airbus A321-271N,6
N213JQ,Embraer-Empresa Brasileira De ERJ 170-200 LR,16
N213NN,Embraer S A ERJ 170-200 LR,9
N213SY,Embraer S A ERJ 170-200 LR,7
N213UA,Boeing 777-222,24
N213WN,Boeing 737-7H4,19
N2140U,Boeing 777-300ER,7
N2142J
N2142U,Boeing 777-300ER,7
N214AK,Boeing 737-900ER,5
N214HA,Airbus A321-271N,6
N214JQ,Embraer-Empresa Brasileira De ERJ 170-200 LR,16
N214NN,Embraer S A ERJ 170-200 LR,9
N214UA,Boeing 777-222,24
N214WN,Boeing 737-7H4,19
N2151J,Airbus S A S A321-271NX,1
N2156J,Airbus S A S A321-271NX,1
N2157J,Airbus S A S A321-271NX,1
N215AK,Boeing 737-900ER,5
N215HA,Airbus A321-271N,6
N215JQ,Embraer-Empresa Brasileira De ERJ 170-200 LR,15
N215NN,Embraer S A ERJ 170-200 LR,9
N215NV,Airbus A320-214,24
N215UA,Boeing 777-222,24
N215WN,Boeing 737-7H4,19
N216FR
N216HA,Airbus A321-271N,6
N216JB,Embraer ERJ 190-100 IGW,18
N216JQ,Embraer-Empresa Brasileira De ERJ 170-200 LR,15
N216NN,Embraer S A ERJ 170-200 LR,9
N216NV,Airbus A320-214,24
N216UA,Boeing 777-222,24
N216WR,Boeing 737-7H4,19
N21723,Boeing 737-724,25
N217HA,Airbus A321-271N,6
N217JC,Boeing 737-7H4,19
N217JQ,Embraer-Empresa Brasileira De ERJ 170-200 LR,17
N217NN,Embraer S A ERJ 170-200 LR,9
N217NV,Airbus A320-214,24
N217UA,Boeing 777-222,24
N218HA,Airbus A321-271N,5
N218JQ,Embraer-Empresa Brasileira De ERJ 170-200 LR,17
N218NN,Embraer S A ERJ 170-200 LR,9
N218NV,Airbus A320-214,24
N218PS,Bombardier Inc CL-600-2B19,21
N218UA,Boeing 777-222,23
N218WN,Boeing 737-7H4,19
N219NN,Embraer S A ERJ 170-200 LR,9
N219NV,Airbus A320-214,24
N219UA,Boeing 777-222,23
N219WN,Boeing 737-7H4,19
N219YX,Embraer-Empresa Brasileira De ERJ 170-200 LR,17
N220HA,Airbus A321-271N,5
N220JQ,Embraer ERJ 170-200 LR,17
N220NN,Embraer ERJ 170-200 LR,9
N220NV,Airbus A320-214,24
N220UA,Boeing 777-222,23
N220WN,Boeing 737-7H4,19
N221JQ,Embraer ERJ 170-200 LR,17
N221NN,Embraer S A ERJ 170-200 LR,9
N221NV,Airbus A320-214,24
N221PS,Bombardier Inc CL-600-2B19,20
N221UA,Boeing 777-222,23
N221WN,Boeing 737-7H4,19
N222JQ,Embraer-Empresa Brasileira De ERJ 170-200 LR,17
N222NS,Embraer ERJ 170-200 LR,9
N222NV
N222UA,Boeing 777-222,23
N222WN,Boeing 737-7H4,19
N223HA,Airbus A321-271N,5
N223JQ,Embraer-Empresa Brasileira De ERJ 170-200 LR,16
N223JS,Bombardier Inc CL-600-2B19,20
N223NN,Embraer S A ERJ 170-200 LR,9
N223NV
N223UA,Boeing 777-222,23
N223WN,Boeing 737-7H4,19
N2243U,Boeing 777-300ER,7
N224AK,Boeing 737-990ER,8
N224JQ,Embraer-Empresa Brasileira De ERJ 170-200 LR,16
N224NN,Embraer S A ERJ 170-200 LR,8
N224NV
N224UA,Boeing 777-222,23
N224WN,Boeing 737-7H4,19
N2250U,Boeing 777-300ER,5
N2251U,Boeing 777-300ER,4
N225JQ,Embraer ERJ 170-200 LR,16
N225NN,Embraer S A ERJ 170-200 LR,8
N225UA,Boeing 777-222,23
N225WN,Boeing 737-7H4,19
N226JQ,Embraer ERJ 170-200 LR,16
N226NN,Embraer S A ERJ 170-200 LR,8
N226UA,Boeing 777-222,22
N226WN,Boeing 737-7H4,19
N227HA,Airbus A321-271N,5
N227JQ,Embraer ERJ 170-200 LR,16
N227NN,Embraer S A ERJ 170-200 LR,8
N227UA,Boeing 777-222,22
N227WN,Boeing 737-7H4,19
N228FR,Airbus A320-214,11
N228HA,Airbus A321-271N,5
N228JB,Embraer ERJ 190-100 IGW,18
N228JQ,Embraer ERJ 170-200 LR,16
N228NN,Embraer S A ERJ 170-200 LR,8
N228PQ,Bombardier Inc CL-600-2D24,15
N228UA,Boeing 777-222,22
N228WN,Boeing 737-7H4,19
N229FR,Airbus A320-214,11
N229JB,Embraer ERJ 190-100 IGW,18
N229JQ,Embraer-Empresa Brasileira De ERJ 170-200 LR,16
N229NN,Embraer S A ERJ 170-200 LR,8
N229NV,Airbus A320-214,27
N229UA,Boeing 777-222,22
N229WN,Boeing 737-7H4,18
N230FR,Airbus A320-214,9
N230HA,Airbus A321-271N,4
N230JQ,Embraer-Empresa Brasileira De ERJ 170-200 LR,16
N230NN,Embraer S A ERJ 170-200 LR,8
N230NV,Airbus A320-214,23
N230WN,Boeing 737-7H4,18
N23139,Embraer EMB-145XR,21
N231AN,Embraer S A ERJ 170-200 LR,8
N231JB,Embraer ERJ 190-100 IGW,18
N231JQ,Embraer-Empresa Brasileira De ERJ 170-200 LR,16
N231WN,Boeing 737-7H4,18
N232FR,Airbus A320-214,9
N232JQ,Embraer-Empresa Brasileira De ERJ 170-200 LR,16
N232NN,Embraer ERJ 170-200 LR,8
N232NV,Airbus Industrie A320-214,24
N232PQ,Bombardier Inc CL-600-2D24,15
N232WN,Boeing 737-7H4,18
N2331U,Boeing 777-300ER,8
N2332U,Boeing 777-300ER,8
N2333U,Boeing 777-300ER,7
N233FR,Airbus A320-214,8
N233JQ,Embraer-Empresa Brasileira De ERJ 170-200 LR,16
N233LV,Boeing 737-7H4,18
N233NN,Embraer ERJ 170-200 LR,8
N233NV,Airbus A320-214,21
N2341U,Boeing 777-300ER,7
N234JQ,Embraer-Empresa Brasileira De ERJ 170-200 LR,16
N234JW,Embraer S A ERJ 170-200 LR,8
N234NV,Airbus Industrie A320-214,23
N234WN,Boeing 737-7H4,18
N2352U
N235FR,Airbus A320-214,8
N235JQ,Embraer ERJ 170-200 LR,16
N235NN,Embraer S A ERJ 170-200 LR,8
N235NV
N235WN,Boeing 737-7H4,18
N236AK,Boeing 737-990ER,8
N236FR,Airbus A320-214,8
N236JB,Embraer ERJ 190-100 IGW,18
N236JQ,Embraer-Empresa Brasileira De ERJ 170-200 LR,16
N236NN,Embraer S A ERJ 170-200 LR,8
N236NV
N236WN,Boeing 737-7H4,18
N23707,Boeing 737-724,26
N23708,Boeing 737-724,26
N23721,Boeing 737-724,25
N237AK,Boeing 737-990ER,8
N237JQ,Embraer-Empresa Brasileira De ERJ 170-200 LR,16
N237NN,Embraer S A ERJ 170-200 LR,8
N237NV
N237WN,Boeing 737-7H4,18
N238AK,Boeing 737-990ER,8
N238FR,Airbus A320-214,8
N238JB
N238JQ,Embraer-Empresa Brasileira De ERJ 170-200 LR,16
N238NN,Embraer S A ERJ 170-200 LR,8
N238NV
N238WN,Boeing 737-7H4,19
N23983,Boeing 787-9,4
N239JB,Embraer ERJ 190-100 IGW,18
N239JQ,Embraer-Empresa Brasileira De ERJ 170-200 LR,16
N239NN,Embraer S A ERJ 170-200 LR,8
N239NV
N239WN,Boeing 737-7H4,18
N240JQ,Embraer-Empresa Brasileira De ERJ 170-200 LR,16
N240NN,Embraer S A ERJ 170-200 LR,8
N240NV,Airbus A320-214,24
N240SY,Embraer S A ERJ 170-200 LR,8
N240WN,Boeing 737-7H4,18
N24103,Embraer EMB-145XR,22
N24128,Embraer EMB-145XR,21
N241JQ,Embraer-Empresa Brasileira De ERJ 170-200 LR,16
N241LR,Bombardier Inc CL-600-2D24,18
N241NN,Embraer S A ERJ 170-200 LR,8
N241NV,Airbus A320-214,24
N241SY,Embraer S A ERJ 170-200 LR,8
N241WN,Boeing 737-7H4,18
N24202,Boeing 737-824,24
N24211,Boeing 737-824,26
N24212,Boeing 737-824,26
N24224,Boeing 737-824,26
N242JQ,Embraer-Empresa Brasileira De ERJ 170-200 LR,16
N242NN,Embraer S A ERJ 170-200 LR,8
N242NV
N242SY,Embraer S A ERJ 170-200 LR,8
N242WN,Boeing 737-7H4,18
N243JQ,Embraer-Empresa Brasileira De ERJ 170-200 LR,16
N243NN,Embraer S A ERJ 170-200 LR,8
N243NV
N243SY,Embraer S A ERJ 170-200 LR,8
N243WN,Boeing 737-7H4,18
N244JQ,Embraer-Empresa Brasileira De ERJ 170-200 LR,16
N244LR,Bombardier Inc CL-600-2D24,15
N244NN,Embraer S A ERJ 170-200 LR,8
N244NV
N244SY,Embraer S A ERJ 170-200 LR,8
N244WN,Boeing 737-7H4,18
N245JQ,Embraer-Empresa Brasileira De ERJ 170-200 LR,16
N245LR,Bombardier Inc CL-600-2D24,15
N245NN,Embraer S A ERJ 170-200 LR,8
N245NV
N245WN,Boeing 737-7H4,18
N246JQ,Embraer-Empresa Brasileira De ERJ 170-200 LR,16
N246LR,Bombardier Inc CL-600-2D24,15
N246LV,Boeing 737-7H4,18
N246NN,Embraer S A ERJ 170-200 LR,8
N246NV,Airbus A320-214,7
N246PS,Bombardier Inc CL-600-2B19,20
N246SY,Embraer S A ERJ 170-200 LR,8
N24702,Boeing 737-724,26
N24706,Boeing 737-724,26
N24715,Boeing 737-724,26
N24729,Boeing 737-724,25
N24736,Boeing 737-724,25
N247AK,Boeing 737-990ER,8
N247JB,Embraer ERJ 190-100 IGW,18
N247LR,Bombardier Inc CL-600-2D24,13
N247NN,Embraer ERJ 170-200 LR,8
N247NV,Airbus A320-214,7
N247SY,Embraer S A ERJ 170-200 LR,8
N247WN,Boeing 737-7H4,18
N248AK,Boeing 737-990ER,8
N248LR,Bombardier Inc CL-600-2D24,13
N248NN,Embraer S A ERJ 170-200 LR,7
N248NV,Airbus A320-214,7
N248WN,Boeing 737-7H4,18
N24972,Boeing 787-9,6
N24973,Boeing 787-9,6
N24974,Boeing 787-9,6
N24976,Boeing 787-9,4
N24979,Boeing 787-9,4
N24980,Boeing 787-9,4
N249JB,Embraer ERJ 190-100 IGW,18
N249LR,Bombardier Inc CL-600-2D24,13
N249NN,Embraer S A ERJ 170-200 LR,7
N249NV,Airbus A320-214,7
N249WN,Boeing 737-7H4,18
N250NN,Embraer S A ERJ 170-200 LR,7
N250NV,Airbus A320-214,7
N250SY,Embraer S A ERJ 170-200 LR,8
N250WN,Boeing 737-7H4,18
N251AK
N251NN,Embraer S A ERJ 170-200 LR,7
N251NV,Airbus A320-214,7
N251SY,Embraer S A ERJ 170-200 LR,8
N251WN,Boeing 737-7H4,18
N25201,Boeing 737-824,25
N252NN,Embraer S A ERJ 170-200 LR,7
N252NV,Airbus A320-214,7
N252SY,Embraer S A ERJ 170-200 LR,8
N252WN,Boeing 737-7H4,18
N2534U,Boeing 777-300ER,7
N253AK,Boeing 737-990ER,8
N253NN,Embraer S A ERJ 170-200 LR,7
N253NV,Airbus A320-214,7
N253SY,Embraer S A ERJ 170-200 LR,8
N253WN,Boeing 737-7H4,18
N254NN,Embraer S A ERJ 170-200 LR,7
N254NV,Airbus A320-214,7
N254SY,Embraer S A ERJ 170-200 LR,8
N254WN,Boeing 737-7H4,18
N255NN,Embraer S A ERJ 170-200 LR,7
N255NV,Airbus A320-214,7
N255SY,Embraer S A ERJ 170-200 LR,8
N255WN,Boeing 737-7H4,18
N256NN,Embraer S A ERJ 170-200 LR,7
N256NV,Airbus A320-214,6
N256SY,Embraer S A ERJ 170-200 LR,7
N256WN,Boeing 737-7H4,18
N25705,Boeing 737-724,26
N257NN,Embraer ERJ 170-200 LR,7
N257NV,Airbus A320-214,6
N257SY,Embraer S A ERJ 170-200 LR,7
N257WN,Boeing 737-7H4,18
N258JB,Embraer ERJ 190-100 IGW,18
N258NN,Embraer ERJ 170-200 LR,7
N258NV,Airbus A320-214,15
N258SY,Embraer S A ERJ 170-200 LR,7
N258WN,Boeing 737-7H4,18
N25982,Boeing 787-9,4
N259NN,Embraer S A ERJ 170-200 LR,7
N259NV,Airbus A320-214,15
N259SY,Embraer S A ERJ 170-200 LR,7
N259WN,Boeing 737-7H4,18
N260AK,Boeing 737-990ER,8
N260NN,Embraer S A ERJ 170-200 LR,7
N260NV,Airbus A320-214,15
N260SY,Embraer S A ERJ 170-200 LR,7
N260WN,Boeing 737-7H4,18
N261NN,Embraer S A ERJ 170-200 LR,7
N261NV,Airbus A320-214,15
N261SY,Embraer ERJ 170-200 LR,7
N261WN,Boeing 737-7H4,18
N26208,Boeing 737-824,24
N26210,Boeing 737-824,26
N26215,Boeing 737-824,26
N26226,Boeing 737-824,26
N26232,Boeing 737-824,25
N262NN,Embraer S A ERJ 170-200 LR,7
N262NV,Airbus A320-214,15
N262SY,Embraer S A ERJ 170-200 LL,6
N262WN,Boeing 737-7H4,18
N2639U,Boeing 777-300ER,7
N263AK,Boeing 737-990ER,8
N263NN,Embraer S A ERJ 170-200 LR,7
N263SY,Embraer S A ERJ 170-200 LL,6
N263WN,Boeing 737-7H4,17
N2644U,Boeing 777-300ER,7
N2645U,Boeing 777-300ER,6
N264AK,Boeing 737-990ER,8
N264LV,Boeing 737-7H4,17
N264NN,Embraer S A ERJ 170-200 LR,6
N264SY,Embraer S A ERJ 170-200 LL,6
N265AK,Boeing 737-900ER,8
N265JB,Embraer ERJ 190-100 IGW,18
N265NN,Embraer S A ERJ 170-200 LR,6
N265SY,Embraer S A ERJ 170-200 LL,6
N265WN,Boeing 737-7H4,17
N266AK,Boeing 737-900ER,8
N266JB,Embraer ERJ 190-100 IGW,17
N266NN,Embraer S A ERJ 170-200 LR,6
N266WN,Boeing 737-7H4,17
N267AK,Boeing 737-900ER,7
N267JB,Embraer ERJ 190-100 IGW,17
N267NN,Embraer S A ERJ 170-200 LR,6
N267SY,Embraer S A ERJ 170-200 LL,6
N267WN,Boeing 737-7H4,17
N268AK,Boeing 737-900ER,7
N268NN,Embraer S A ERJ 170-200 LR,6
N268SY,Embraer S A ERJ 170-200 LL,6
N268WN,Boeing 737-7H4,17
N26902,Boeing 787-8,12
N26906,Boeing 787-8,12
N26909,Boeing 787-8,10
N26910,Boeing 787-8,10
N26952,Boeing 787-9,9
N26960,Boeing 787-9,9
N26966,Boeing 787-9,8
N26967,Boeing 787-9,8
N26970,Boeing 787-9,7
N269NN,Embraer S A ERJ 170-200 LR,5
N269SY,Embraer S A ERJ 170-200 LL,6
N269WN,Boeing 737-7H4,17
N27015,Boeing 777-224,24
N270AK,Boeing 737-900ER,7
N270NN,Embraer S A ERJ 170-200 LR,5
N270SY,Embraer S A ERJ 170-200 LL,6
N27190,Embraer EMB-145XR,19
N271NN,Embraer S A ERJ 170-200 LR,5
N271NV,Airbus A320-214,18
N271SY,Embraer S A ERJ 170-200 LL,6
N27200,Embraer EMB-145XR,18
N27205,Boeing 737-824,24
N27213,Boeing 737-824,26
N27239,Boeing 737-824,25
N27246,Boeing 737-824,25
N27251,Boeing 737-8,3
N27252,Boeing 737-8,3
N27253,Boeing 737-8,3
N27255,Boeing 737-8,3
N27256,Boeing 737-8,3
N27258,Boeing 737-8,3
N27260,Boeing 737-8,3
N27261,Boeing 737-8,3
N27263,Boeing 737-8,3
N27266,Boeing 737-8,3
N27267,Boeing 737-8,2
N27268,Boeing 737-8,2
N27269,Boeing 737-8,2
N27270,Boeing 737-8,2
N27271,Boeing 737-8,2
N27273,Boeing 737-8,2
N27274,Boeing 737-8,2
N27276,Boeing 737-8,3
N27277,Boeing 737-8,2
N27283,Boeing 737-8,1
N27287,Boeing 737-8,1
N27290,Boeing 737-8,1
N27292,Boeing 737-8,21
N272AK,Boeing 737-900ER,7
N272NN,Embraer S A ERJ 170-200 LR,5
N272NV,Airbus A320-214,17
N272PQ,Bombardier Inc CL-600-2D24,11
N272SY,Embraer S A ERJ 170-200 LL,6
N272WN,Boeing 737-7H4,17
N27304,Boeing 737-8,1
N27323,Boeing 737-8,1
N27334
N2737U,Boeing 777-300ER,7
N273AK,Boeing 737-900ER,7
N273JB,Embraer ERJ 190-100 IGW,17
N273NN,Embraer S A ERJ 170-200 LR,5
N273NV,Airbus Industrie A320-214,17
N273SY,Embraer S A ERJ 170-200 LL,6
N273WN,Boeing 737-7H4,17
N27421,Boeing 737-924ER,16
N27477,Boeing 737-924ER,11
N2747U,Boeing 777-300ER,6
N2748U,Boeing 777-300ER,6
N2749U,Boeing 777-300ER,5
N274AK,Boeing 737-900ER,7
N274JB,Embraer ERJ 190-100 IGW,17
N274NN,Embraer S A ERJ 170-200 LR,5
N274NV,Airbus Industrie A320-214,17
N274SY,Embraer S A ERJ 170-200 LL,6
N274WN,Boeing 737-7H4,17
N27503,Boeing 737-9,6
N27509,Boeing 737-9,6
N27511,Boeing 737-9,6
N27515,Boeing 737-9,4
N27519,Boeing 737-9,24
N27520,Boeing 737-9,4
N27526,Boeing 737-9,3
N27539,Boeing 737-9,2
N27546,Boeing 737-9,2
N27568,Boeing 737-9,1
N275AK,Boeing 737-900ER,7
N275NN,Embraer S A ERJ 170-200 LR,5
N275NV
N275SY,Embraer S A ERJ 170-200 LL,6
N275WN,Boeing 737-7H4,17
N276NN,Embraer S A ERJ 170-200 LR,5
N276NV,Airbus A320-214,5
N276SY,Embraer S A ERJ 170-200 LL,6
N276WN,Boeing 737-7H4,17
N27722,Boeing 737-724,25
N27724,Boeing 737-724,25
N27733,Boeing 737-724,25
N27734,Boeing 737-724,25
N277AK,Boeing 737-900ER,7
N277NN,Embraer S A ERJ 170-200 LR,5
N277NV,Airbus A320-214,17
N277SY,Embraer S A ERJ 170-200 LL,6
N277WN,Boeing 737-7H4,17
N278AK,Boeing 737-900ER,7
N278NN,Embraer S A ERJ 170-200 LR,5
N278NV,Airbus A320-214,14
N278SY,Embraer S A ERJ 170-200 LL,6
N278WN,Boeing 737-7H4,17
N27901,Boeing 787-8,12
N27903,Boeing 787-8,12
N27908,Boeing 787-8,11
N27957,Boeing 787-9,9
N27958,Boeing 787-9,9
N27959,Boeing 787-9,9
N27964,Boeing 787-9,8
N27965,Boeing 787-9,8
N279JB,Embraer ERJ 190-100 IGW,17
N279MQ,Embraer S A ERJ 170-200 LR,5
N279NV
N279PQ,Bombardier Inc CL-600-2D24,11
N279SY,Embraer S A ERJ 170-200 LL,6
N279WN,Boeing 737-7H4,17
N280AK,Boeing 737-900ER,7
N280NN,Embraer S A ERJ 170-200 LR,5
N280NV
N280SY,Embraer S A ERJ 170-200 LL,6
N280WN,Boeing 737-7H4,17
N281AK,Boeing 737-900ER,7
N281JB,Embraer ERJ 190-100 IGW,17
N281NN,Embraer S A ERJ 170-200 LR,5
N281NV
N281SY,Embraer S A ERJ 170-200 LL,6
N281WN,Boeing 737-7H4,17
N282AK,Boeing 737-900ER,7
N282NN,Embraer S A ERJ 170-200 LR,5
N282NV
N282SY,Embraer S A ERJ 170-200 LL,6
N282WN,Boeing 737-7H4,17
N283AK,Boeing 737-900ER,7
N283JB,Embraer ERJ 190-100 IGW,17
N283NN,Embraer S A ERJ 170-200 LR,5
N283NV
N283SY,Embraer S A ERJ 170-200 LL,6
N283WN,Boeing 737-7H4,17
N28457,Boeing 737-924ER,12
N2846U,Boeing 777-300ER,6
N28478,Boeing 737-924ER,11
N284AK,Boeing 737-900ER,7
N284JB,Embraer ERJ 190-100 IGW,16
N284JN,Embraer S A ERJ 170-200 LR,5
N284NV,Airbus A320-214,12
N284SY,Embraer S A ERJ 170-200 LL,6
N284WN,Boeing 737-7H4,17
N285AK,Boeing 737-900ER,6
N285NN,Embraer S A ERJ 170-200 LR,5
N285NV,Airbus A320-214,12
N285SY,Embraer S A ERJ 170-200 LL,6
N285WN,Boeing 737-7H4,17
N286NN,Embraer S A ERJ 170-200 LR,5
N286NV,Airbus A320-214,14
N286SY,Embraer S A ERJ 170-200 LL,6
N286WN,Boeing 737-7H4,20
N287AK,Boeing 737-900ER,6
N287NN,Embraer S A ERJ 170-200 LR,5
N287NV,Airbus A320-214,14
N287SY,Embraer S A ERJ 170-200 LL,6
N287WN,Boeing 737-7H4,17
N288AK,Boeing 737-900ER,6
N288NN,Embraer S A ERJ 170-200 LR,5
N288NV,Airbus A320-214,14
N288SY,Embraer S A ERJ 170-200 LL,6
N288WN,Boeing 737-7H4,17
N28912,Boeing 787-8,10
N28987,Boeing 787-9,3
N289CT,Boeing 737-7H4,17
N289MW,Embraer S A ERJ 170-200 LR,5
N289NV,Airbus A320-214,13
N289SY,Embraer S A ERJ 170-200 LL,6
N290AK,Boeing 737-900ER,6
N290NN,Yabora Industria Aeronautica S ERJ 170-200 LR,4
N290NV,Airbus A320-214,20
N290SY,Embraer S A ERJ 170-200 LL,6
N290WN,Boeing 737-7H4,17
N29124,Boeing 757-224,26
N29129,Boeing 757-224,26
N291BT,Boeing 737-9,3
N291NN,Yabora Industria Aeronautica S ERJ 170-200 LR,4
N291NV,Airbus Industrie A320-214,20
N291SY,Embraer S A ERJ 170-200 LL,6
N291WN,Boeing 737-7H4,17
N292AK,Boeing 737-900ER,6
N292NN,Yabora Industria Aeronautica S ERJ 170-200 LR,4
N292NV
N292PQ,Bombardier Inc CL-600-2D24,11
N292SY,Embraer S A ERJ 170-200 LL,6
N292WN,Boeing 737-7H4,17
N293AK,Boeing 737-900ER,6
N293NN
N293NV,Airbus A320-214,13
N293PQ,Bombardier Inc CL-600-2D24,11
N293SY,Embraer S A ERJ 170-200 LR,5
N293WN,Boeing 737-7H4,17
N294AK,Boeing 737-900ER,6
N294NV
N294PQ,Bombardier Inc CL-600-2D24,11
N294SY,Embraer S A ERJ 170-200 LR,5
N294WN,Boeing 737-7H4,17
N295NV
N295PQ,Bombardier Inc CL-600-2D24,11
N295SY,Embraer S A ERJ 170-200 LR,5
N295WN,Boeing 737-7H4,17
N296AK,Boeing 737-900ER,6
N296NV,Airbus A320-214,18
N296PQ,Bombardier Inc CL-600-2D24,11
N296SY,Embraer S A ERJ 170-200 LR,5
N296WN,Boeing 737-7H4,17
N29717,Boeing 737-724,25
N297AK,Boeing 737-900ER,5
N297NV,Airbus A320-214,18
N297PQ,Bombardier Inc CL-600-2D24,11
N297SY,Embraer S A ERJ 170-200 LR,5
N297WN,Boeing 737-7H4,17
N298AK,Boeing 737-900ER,5
N298FR,Yabora Industria Aeronautica S ERJ 170-200 LR,4
N298NV,Airbus A320-214,18
N298PQ,Bombardier Inc CL-600-2D24,11
N298SY,Embraer S A ERJ 170-200 LL,5
N298WN,Boeing 737-7H4,17
N29907,Boeing 787-8,11
N29961,Boeing 787-9,9
N29968,Boeing 787-9,8
N29971,Boeing 787-9,7
N29975,Boeing 787-9,4
N29977,Boeing 787-9,4
N29978,Boeing 787-9,4
N29981,Boeing 787-9,4
N29984,Boeing 787-9,4
N29985,Boeing 787-9,4
N299JJ,Yabora Industria Aeronautica S ERJ 170-200 LR,4
N299NV,Airbus A320-214,13
N299PQ,Bombardier Inc CL-600-2D24,11
N299SY,Embraer S A ERJ 170-200 LL,5
N299WN
N3008J,Airbus Canada Lp BD-500-1A11,4
N300LK,Yabora Industria Aeronautica S ERJ 170-200 LR,4
N300PQ,Bombardier Inc CL-600-2D24,11
N300SY,Embraer S A ERJ 170-200 LL,5
N3014R,Airbus A319-115,11
N301DU,Airbus Canada Lp BD-500-1A11,3
N301DV,Airbus Sas A321-213,8
N301FR,Airbus A320-251N,8
N301NB,Airbus Industrie A319-114,25
N301NV,Airbus A319-112,20
N301NW,Boeing 737-800,8
N301PA,Boeing 737-800,8
N301PQ,Bombardier Inc CL-600-2D24,11
N301SY,Embraer S A ERJ 170-200 LL,5
N3023J,Airbus Canada Lp BD-500-1A11,3
N302AS,Boeing 737-990,21
N302DN,Airbus Sas A321-213,8
N302DU
N302NB,Airbus Industrie A319-114,25
N302NV,Airbus A319-112,19
N302PQ,Bombardier Inc CL-600-2D24,10
N302RN,Yabora Industria Aeronautica S ERJ 170-200 LR,2
N302SA,Boeing 737-8,5
N302SS
N302SY,Embraer S A ERJ 170-200 LL,5
N303AS,Boeing 737-990,23
N303DD,Embraer S A ERJ 170-200 LR,2
N303DN,Airbus Sas A321-213,8
N303DU,Airbus Canada Lp BD-500-1A11,4
N303FR,Airbus A320-251N,8
N303PQ,Bombardier Inc CL-600-2D24,10
N303RE,Boeing 737-8,6
N303RG,Boeing 737-8,6
N303SY,Yabora Industria Aeronautica S ERJ 170-200 LL,4
N30401,Boeing 737-924,23
N3044J,Airbus Canada Lp BD-500-1A11,3
N304DN,Airbus Sas A321-213,8
N304DU,Airbus Canada Lp BD-500-1A11,4
N304FR,Airbus A320-251N,8
N304JB,Embraer ERJ 190-100 IGW,15
N304KM,Embraer S A ERJ 170-200 LR,2
N304PQ,Bombardier Inc CL-600-2D24,10
N304RB,Boeing 737-8,7
N304SY,Yabora Industria Aeronautica S ERJ 170-200 LL,4
N3058J,Airbus Canada Lp BD-500-1A11,3
N305AS,Boeing 737-990,23
N305CL,Embraer S A ERJ 170-200 LR,2
N305DN,Airbus Sas A321-213,8
N305DU,Airbus Canada Lp BD-500-1A11,4
N305FR,Airbus A320-251N,8
N305NK,Robinson Helicopter R22 BETA,23
N305NV,Airbus A319-112,19
N305NX,Boeing 737-800,8
N305PQ,Bombardier Inc CL-600-2D24,10
N305SY,Yabora Industria Aeronautica S ERJ 170-200 LR,4
N3062J,Airbus Canada Lp BD-500-1A11,3
N3065J,Airbus Canada Lp BD-500-1A11,3
N306AS,Boeing 737-990,23
N306DD,Yabora Industria Aeronautica S ERJ 170-200 LR,4
N306DN,Airbus A321-211,8
N306DU,Airbus Canada Lp BD-500-1A11,4
N306JB,Embraer ERJ 190-100 IGW,15
N306NV,Airbus A319-112,19
N306NY,Boeing 737-800,8
N306PB,Boeing 737-800,7
N306PQ,Bombardier Inc CL-600-2D24,10
N306RC,Boeing 737-8,7
N306SP,Boeing 737-8,3
N306SW,Boeing 737-8,3
N306SY
N3077J,Airbus Canada Lp BD-500-1A11,3
N307AS,Boeing 737-990,23
N307DU
N307DX,Airbus Sas A321-213,8
N307FR,Airbus A320-251N,7
N307JB,Embraer ERJ 190-100 IGW,15
N307NV,Airbus A319-112,19
N307PQ,Bombardier Inc CL-600-2D24,10
N307SY,Yabora Industria Aeronautica S ERJ 170-200 LR,4
N307TA,Boeing 737-8,1
N3085J,Airbus Canada Lp BD-500-1A11,3
N308DN,Airbus Sas A321-213,8
N308DU,Airbus Canada Lp BD-500-1A11,3
N308FR,Airbus A320-251N,7
N308NV
N308PQ,Bombardier Inc CL-600-2D24,10
N308RD,Boeing 737-8,7
N308SY,Yabora Industria Aeronautica S ERJ 170-200 LR,4
N308TB,Boeing 737-8,1
N30913,Boeing 787-8,10
N309AS,Boeing 737-990,23
N309DN,Airbus Sas A321-213,8
N309DU,Airbus Canada Lp BD-500-1A11,3
N309FR,Airbus A320-251N,7
N309NV,Airbus A319-111,17
N309PC,Boeing 737-800,7
N309PQ,Bombardier Inc CL-600-2D24,10
N309SY,Embraer S A ERJ 170-200 LR,2
N309US,Airbus Industrie A320-211,34
N3102J,Airbus Canada Lp BD-500-1A11,2
N3104J,Airbus Canada Lp BD-500-1A11,2
N310DN,Airbus Sas A321-213,8
N310DU,Airbus Canada Lp BD-500-1A11,3
N310FR,Airbus A320-251N,7
N310JZ,Yabora Industria Aeronautica S ERJ 170-200 LR,3
N310NV,Airbus A319-112,20
N310PQ,Bombardier Inc CL-600-2D24,10
N310RF,Boeing 737-8,6
N310SY,Embraer S A ERJ 170-200 LR,2
N3112J,Airbus Canada Lp BD-500-1A11,2
N31131,Embraer EMB-145XR,21
N3113J,Airbus Canada Lp BD-500-1A11,2
N3115J,Airbus Canada Lp BD-500-1A11,2
N3118J,Airbus Canada Lp BD-500-1A11,2
N311DN,Airbus Sas A321-213,8
N311DU,Airbus Canada Lp BD-500-1A11,2
N311FR,Airbus A320-251N,7
N311NV,Airbus A319-111,18
N311PQ,Bombardier Inc CL-600-2D24,10
N311SY,Embraer S A ERJ 170-200 LR,2
N311VE
N3121J,Airbus Canada Lp BD-500-1A11,1
N3123J,Airbus Canada Lp BD-500-1A11,1
N3125J,Airbus Canada Lp BD-500-1A11,1
N312BT,Yabora Industria Aeronautica S ERJ 170-200 LR,3
N312DN,Airbus Sas A321-213,8
N312DU,Airbus Canada Lp BD-500-1A11,2
N312FR,Airbus A320-251N,7
N312NV,Airbus A319-111,20
N312SY,Embraer S A ERJ 170-200 LR,2
N312US,Airbus Industrie A320-211,34
N3132J,Airbus Canada Lp BD-500-1A11,1
N3138J,Airbus Canada Lp BD-500-1A11,1
N3139J,Airbus Canada Lp BD-500-1A11,1
N313DN,Airbus A321-211,8
N313DU,Airbus Canada Lp BD-500-1A11,2
N313FR,Airbus A320-251N,7
N313NV,Airbus A319-111,20
N313PQ,Bombardier Inc CL-600-2D24,10
N313SB,Boeing 737-8,5
N313SY,Embraer S A ERJ 170-200 LR,2
N31412,Boeing 737-924,22
N3142J
N3145J
N3149J,Airbus Canada Lp BD-500-1A11,1
N314DN,Airbus A321-211,8
N314DU,Airbus Canada Lp BD-500-1A11,1
N314NB,Airbus Industrie A319-114,24
N314NV
N314PD,Boeing 737-800,7
N314PQ,Bombardier Inc CL-600-2D24,10
N314RH,Boeing 737-8,6
N3152J
N315AS,Boeing 737-990,22
N315DN,Airbus A321-211,8
N315DU,Airbus Canada Lp BD-500-1A11,2
N315NB,Airbus Industrie A319-114,24
N315NV
N315PE,Boeing 737-800,7
N315PQ,Bombardier Inc CL-600-2D24,10
N315RJ,Boeing 737-8,6
N315SD,Boeing 737-8,4
N315SY,Embraer S A ERJ 170-200 LR,2
N316DN,Airbus A321-211,7
N316DU,Airbus Canada Lp BD-500-1A11,1
N316FR,Airbus A320-251N,7
N316NB,Airbus Industrie A319-114,24
N316NV,Airbus A319-111,19
N316PF,Boeing 737-800,7
N316PQ,Bombardier Inc CL-600-2D24,10
N316RK,Boeing 737-8,6
N316SE,Boeing 737-8,4
N316SY,Embraer S A ERJ 170-200 LR,2
N317AS,Boeing 737-990,21
N317DN,Airbus A321-211,7
N317DU,Airbus Canada Lp BD-500-1A11,1
N317FR,Airbus A320-251N,7
N317JB,Embraer ERJ 190-100 IGW,14
N317NB,Airbus Industrie A319-114,24
N317NV,Airbus A319-111,19
N317PG,Boeing 737-800,7
N317SY,Embraer S A ERJ 170-200 LR,22
N317US,Airbus Industrie A320-211,33
N318AS,Boeing 737-990,21
N318DU,Airbus Canada Lp BD-500-1A11,1
N318DX,Airbus A321-211,7
N318FR,Airbus A320-251N,7
N318JB,Embraer ERJ 190-100 IGW,14
N318NB,Airbus Industrie A319-114,24
N318NV,Airbus A319-111,19
N318SF,Boeing 737-8,5
N318TD,Boeing 737-8,1
N319AS,Boeing 737-990,21
N319DN,Airbus A321-211,7
N319DU,Airbus Canada Lp BD-500-1A11,1
N319NB,Airbus Industrie A319-114,24
N319NV,Airbus A319-111,19
N319PQ,Bombardier Inc CL-600-2D24,10
N319SY,Embraer S A ERJ 170-200 LR,2
N319TE,Boeing 737-8,1
N319US,Airbus Industrie A320-211,33
N320AS,Boeing 737-990,21
N320DN,Airbus A321-211,7
N320DU,Airbus Canada Lp BD-500-1A11,1
N320NB,Airbus Industrie A319-114,24
N320NV
N320PQ,Bombardier Inc CL-600-2D24,10
N320SY,Embraer S A ERJ 170-200 LR,2
N320TF,Boeing 737-8,1
N320US,Airbus Industrie A320-211,33
N321DH,Airbus A321-211,7
N321DU
N321NB,Airbus Industrie A319-114,23
N321NV
N321RL,Boeing 737-8,6
N321TG,Boeing 737-8,1
N321US,Airbus Industrie A320-211,33
N322DN,Airbus A321-211,7
N322FR,Airbus A320-251N,7
N322NB,Airbus Industrie A319-114,23
N322NV
N322SY,Embraer S A ERJ 170-200 LR,2
N322TH,Boeing 737-8,1
N323AS,Boeing 737-990,20
N323DN,Airbus A321-211,7
N323DU
N323FR,Airbus A320-251N,7
N323JB,Embraer ERJ 190-100 IGW,14
N323NB,Airbus Industrie A319-114,23
N323NV
N323RM,Boeing 737-8,6
N323SG,Boeing 737-8,5
N323SY,Embraer S A ERJ 170-200 LR,2
N323US,Airbus Industrie A320-211,33
N32404,Boeing 737-924,23
N324DX,Airbus A321-211,7
N324FR,Airbus A320-251N,7
N324JB,Embraer ERJ 190-100 IGW,14
N324NB,Airbus Industrie A319-114,23
N324NV,Airbus A319-112,18
N324PQ,Bombardier Inc CL-600-2D24,10
N324RA,Boeing 737-8,7
N324RN,Boeing 737-8,6
N324SH,Boeing 737-8,4
N324SY,Embraer S A ERJ 170-200 LR,2
N324US,Airbus Industrie A320-211,33
N325DN,Airbus A321-211,7
N325NB,Airbus Industrie A319-114,23
N325NV
N325PQ,Bombardier Inc CL-600-2D24,10
N325US,Airbus Industrie A320-211,33
N326DN,Airbus A321-211,7
N326FR,Airbus A320-251N,6
N326MS,Bombardier Inc CL-600-2D24,17
N326NB,Airbus Industrie A319-114,23
N326NV,Airbus A319-111,19
N326PQ,Bombardier Inc CL-600-2D24,10
N326RP,Boeing 737-8,6
N326SJ,Boeing 737-8,4
N326US,Airbus Industrie A320-211,33
N327DN,Airbus A321-211,7
N327NB,Airbus Industrie A319-114,23
N327NV,Airbus A319-111,19
N327NW,Airbus Industrie A320-211,32
N327SK,Boeing 737-8,4
N328DN,Airbus A321-211,7
N328FR,Airbus A320-251N,6
N328JB,Embraer ERJ 190-100 IGW,13
N328NB,Airbus Industrie A319-114,23
N328NV,Airbus A319-111,18
N328NW,Airbus Industrie A320-211,32
N328RR,Boeing 737-8,6
N328TC,Boeing 737-8,1
N329DN,Airbus A321-211,7
N329FR,Airbus A320-251N,6
N329JB,Embraer ERJ 190-100 IGW,13
N329MS,Bombardier Inc CL-600-2D24,17
N329NB,Airbus Industrie A319-114,23
N329NV
N329NW,Airbus Industrie A320-211,32
N329PQ,Bombardier Inc CL-600-2D24,10
N329SL,Boeing 737-8,4
N330DX,Airbus A321-211,7
N330FR,Airbus A320-251N,6
N330NB,Airbus Industrie A319-114,23
N330NV,Airbus A319-111,18
N330NW,Airbus Industrie A320-211,32
N330PQ,Bombardier Inc CL-600-2D24,10
N330TJ,Boeing 737-8,1
N33103,Boeing 757-224,30
N33132,Boeing 757-224,26
N33182,Embraer EMB-145XR,19
N331DN,Airbus A321-211,7
N331FR,Airbus A320-251N,6
N331NB
N331NV
N331NW,Airbus Industrie A320-211,32
N331PQ,Bombardier Inc CL-600-2D24,10
N331TK,Boeing 737-8,1
N33203,Boeing 737-824,24
N33209,Boeing 737-824,24
N33262,Boeing 737-824,23
N33264,Boeing 737-824,23
N33266,Boeing 737-824,23
N33284,Boeing 737-824,20
N33286,Boeing 737-824,20
N33289,Boeing 737-824,20
N33292,Boeing 737-824,20
N33294,Boeing 737-824,19
N332DN,Airbus Sas A321-213,7
N332FR,Airbus A320-251N,6
N332NB,Airbus Industrie A319-114,23
N332NV
N332NW,Airbus Industrie A320-211,32
N333DX,Airbus A321-211,7
N333NB,Airbus Industrie A319-114,23
N333NV
N333NW,Airbus Industrie A320-211,32
N334DN,Airbus A321-211,7
N334FR,Airbus A320-251N,6
N334JB,Embraer ERJ 190-100 IGW,13
N334NB,Airbus Industrie A319-114,22
N334NV,Airbus A319-111,18
N334NW,Airbus Industrie A320-212,32
N334SM,Boeing 737-8,3
N334TL,Boeing 737-8,1
N335DN,Airbus Sas A321-213,6
N335FR,Airbus A320-251N,6
N335NB,Airbus Industrie A319-114,22
N335NV,Airbus A319-111,18
N335NW,Airbus Industrie A320-212,32
N335PH,Boeing 737-800,7
N335PQ,Bombardier Inc CL-600-2D24,10
N335RT,Boeing 737-8,6
N335SN,Boeing 737-8,3
N336DX,Airbus Sas A321-213,6
N336FR,Airbus A320-251N,6
N336NB,Airbus Industrie A319-114,22
N336NW,Airbus Industrie A320-212,32
N336PQ,Bombardier Inc CL-600-2D24,10
N336RU,Boeing 737-8,6
N336SR,Boeing 737-8,3
N336TM,Boeing 737-8,1
N33714,Boeing 737-724,26
N337DN,Airbus Sas A321-213,6
N337FR,Airbus A320-251N,6
N337JB,Embraer ERJ 190-100 IGW,13
N337NB,Airbus Industrie A319-114,22
N337NV,Airbus A319-111,20
N337NW,Airbus Industrie A320-212,32
N337PJ,Boeing 737-800,7
N337PQ,Bombardier Inc CL-600-2D24,10
N337TN,Boeing 737-8,1
N338DN,Airbus Sas A321-213,6
N338FR,Airbus A320-251N,6
N338NB,Airbus A319-114,22
N338NV
N338NW,Airbus Industrie A320-212,32
N338PK,Boeing 737-800,7
N338RS,Boeing 737-8,6
N338ST,Boeing 737-8,3
N339DN,Airbus A321-211,6
N339FR,Airbus A320-251N,6
N339JB,Embraer ERJ 190-100 IGW,13
N339NB,Airbus A319-114,22
N339NW,Airbus Industrie A320-212,32
N339PL,Boeing 737-800,7
N339SU,Boeing 737-8,4
N339TP,Boeing 737-8,1
N340CA,Bombardier Inc CL-600-2C10,22
N340DN,Airbus Sas A321-213,6
N340NB,Airbus A319-114,22
N340NW,Airbus Industrie A320-212,32
N34131,Boeing 757-224,26
N34137,Boeing 757-224,25
N341DN,Airbus A321-211,6
N341FR,Airbus A320-251N,6
N341NB,Airbus A319-114,22
N341NW,Airbus Industrie A320-212,32
N341PQ,Bombardier Inc CL-600-2D24,10
N341RW,Boeing 737-8,6
N341SV,Boeing 737-8,3
N34222,Boeing 737-824,26
N34282,Boeing 737-824,20
N342DN,Airbus A321-211,6
N342FR,Airbus A320-251N,6
N342NB,Airbus A319-114,22
N342NW,Airbus Industrie A320-212,32
N342PM,Boeing 737-800,7
N342RX,Boeing 737-8,5
N342SX,Boeing 737-8,1
N343DN,Airbus A321-211,6
N343FR,Airbus A320-251N,6
N343NB,Airbus A319-114,22
N343NW,Airbus Industrie A320-212,32
N343PN,Boeing 737-800,7
N343RY,Boeing 737-8,5
N343SY,Boeing 737-8,1
N34455,Boeing 737-924ER,12
N34460,Boeing 737-924ER,12
N344DN,Airbus A321-211,6
N344FR,Airbus A320-251N,6
N344NB,Airbus A319-114,22
N344NW,Airbus Industrie A320-212,32
N344PP,Boeing 737-800,7
N345DN,Airbus A321-211,6
N345NB
N345NW,Airbus Industrie A320-212,31
N346DN,Airbus A321-211,6
N346FR,Airbus A320-251N,5
N346JB,Embraer ERJ 190-100 IGW,13
N346NB,Airbus A319-114,22
N346PR,Boeing 737-800,7
N347DN,Airbus A321-211,6
N347FR,Airbus A320-251N,5
N347NB,Airbus A319-114,22
N347NW,Airbus Industrie A320-212,31
N348DN,Airbus A321-211,6
N348FR,Airbus A320-251N,5
N348JB,Embraer ERJ 190-100 IGW,12
N348NB,Airbus A319-114,22
N348NW,Airbus Industrie A320-212,31
N348PQ,Bombardier Inc CL-600-2D24,9
N349DX,Airbus A321-211,6
N349FR,Airbus A320-251N,5
N349NB,Airbus A319-114,22
N349NW,Airbus Industrie A320-212,31
N349PQ,Bombardier Inc CL-600-2D24,9
N350DN,Airbus A321-211,6
N350FR,Airbus A320-251N,5
N350NA,Airbus Industrie A320-212,31
N350RV,Boeing 737-8,6
N351DN,Airbus A321-211,6
N351FR,Airbus A320-251N,5
N351JB,Embraer ERJ 190-100 IGW,12
N351NB,Airbus A319-114,22
N351NW,Airbus Industrie A320-212,27
N35204,Boeing 737-824,24
N35236,Boeing 737-824,25
N35260,Boeing 737-824,23
N35271,Boeing 737-824,23
N352DN,Airbus A321-211,6
N352FR,Airbus Sas A320-251N,5
N352NB,Airbus A319-114,22
N352NW,Airbus Industrie A320-212,26
N352PS,Boeing 737-800,7
N353DN,Airbus A321-211,6
N353FR,Airbus A320-251N,5
N353NB,Airbus A319-114,22
N353NW,Airbus Industrie A320-212,26
N35407,Boeing 737-924,23
N354CA,Bombardier Inc CL-600-2C10,22
N354DN,Airbus A321-211,6
N354FR,Airbus A320-251N,5
N354JB,Embraer ERJ 190-100 IGW,11
N354NB,Airbus A319-114,22
N354NW,Airbus Industrie A320-212,26
N354PT,Boeing 737-800,7
N355DN,Airbus A321-211,6
N355JB,Embraer ERJ 190-100 IGW,11
N355NB,Airbus A319-114,22
N355NW,Airbus Industrie A320-212,26
N355PU,Boeing 737-800,7
N356DN,Airbus A321-211,6
N356FR,Airbus A320-251N,5
N356NW,Airbus Industrie A320-212,26
N357DN,Airbus A321-211,6
N357NB,Airbus A319-114,22
N357NW,Airbus Industrie A320-212,26
N357PV,Boeing 737-800,7
N358DN,Airbus A321-211,6
N358FR,Airbus A320-251N,5
N358JB,Embraer ERJ 190-100 IGW,11
N358NB,Airbus A319-114,21
N358NW,Airbus Industrie A320-212,26
N358PW,Boeing 737-800,7
N35953,Boeing 787-9,9
N359DN,Airbus A321-211,6
N359FR,Airbus A320-251N,5
N359NB,Airbus A319-114,21
N359NW,Airbus Industrie A320-212,26
N359PX,Boeing 737-800,7
N360DN,Airbus Sas A321-213,6
N360FR,Airbus A320-251N,5
N360HA,Airbus A330-243,8
N360NB,Airbus A319-114,21
N360NW,Airbus Industrie A320-212,26
N361DN,Airbus Sas A321-213,6
N361FR,Airbus A320-251N,5
N361HA,Airbus A330-243,7
N361NB,Airbus A319-114,21
N361NW,Airbus Industrie A320-212,26
N36207,Boeing 737-824,24
N36247,Boeing 737-824,25
N36272,Boeing 737-824,23
N36280,Boeing 737-824,21
N362DN,Airbus Sas A321-213,6
N362FR,Airbus A320-251N,5
N362NB,Airbus A319-114,21
N362NW,Airbus Industrie A320-212,26
N363DN,Airbus Sas A321-213,6
N363FR,Airbus A320-251N,5
N363NB,Airbus A319-114,21
N363NW,Airbus Industrie A320-212,26
N36444,Boeing 737-924ER,14
N36447,Boeing 737-924ER,12
N36469,Boeing 737-924ER,11
N36472,Boeing 737-924ER,11
N36476,Boeing 737-924ER,11
N364DX,Airbus Sas A321-213,6
N364FR,Airbus A320-251N,5
N364NB,Airbus A319-114,21
N364NW,Airbus Industrie A320-212,25
N365DN,Airbus A321-211,6
N365FR,Airbus A320-251N,5
N365NB,Airbus A319-114,21
N365NW,Airbus Industrie A320-212,25
N366DX,Airbus A321-211,5
N366FR,Airbus A320-251N,4
N366NB,Airbus A319-114,21
N366NW,Airbus Industrie A320-212,25
N367CA,Bombardier Inc CL-600-2C10,22
N367DN,Airbus A321-211,5
N367FR,Airbus A320-251N,4
N367NW,Airbus Industrie A320-212,25
N368CA,Bombardier Inc CL-600-2C10,21
N368DN,Airbus A321-211,5
N368FR,Airbus A320-251N,4
N368JB,Embraer ERJ 190-100 IGW,11
N368NB,Airbus A319-114,21
N368NW,Airbus Industrie A320-212,25
N36962,Boeing 787-9,9
N369DN,Airbus A321-211,5
N369FR,Airbus A320-251N,4
N369NB,Airbus A319-114,21
N369NW,Airbus Industrie A320-212,25
N37018,Boeing 777-224,22
N370DN,Airbus A321-211,5
N370FR,Airbus A320-251N,4
N370HA,Airbus A330-243,10
N370NB,Airbus A319-114,21
N370NW,Airbus Industrie A320-212,25
N371CA,Bombardier Inc CL-600-2C10,21
N371DA,Boeing 737-832,26
N371DN,Airbus A321-211,5
N371FR,Airbus A320-251N,4
N371NB,Airbus A319-114,21
N371NW,Airbus Industrie A320-212,23
N37252,Boeing 737-824,24
N37253,Boeing 737-824,24
N37255,Boeing 737-824,24
N37257
N37263,Boeing 737-824,23
N37267,Boeing 737-824,23
N37273,Boeing 737-824,23
N37274,Boeing 737-824,22
N37277,Boeing 737-824,22
N37278,Boeing 737-8,2
N37281,Boeing 737-824,21
N37287,Boeing 737-824,20
N37290,Boeing 737-824,20
N37293,Boeing 737-824,19
N37295,Boeing 737-8,1
N37298,Boeing 737-824,19
N372DA,Boeing 737-832,26
N372DN,Airbus A321-211,5
N372FR,Airbus A320-251N,4
N372NW,Airbus Industrie A320-212,23
N37305,Boeing 737-8,1
N37307,Boeing 737-8,5
N37308,Boeing 737-8,1
N3730B,Boeing 737-832,24
N37313,Boeing 737-8,1
N37318,Boeing 737-8,1
N37319,Boeing 737-8,1
N3731T,Boeing 737-832,24
N37324,Boeing 737-8,1
N37325,Boeing 737-8,1
N3732J,Boeing 737-832,24
N3733Z,Boeing 737-832,24
N3734B,Boeing 737-832,24
N3735D,Boeing 737-832,24
N3736C,Boeing 737-832,24
N3737C,Boeing 737-832,24
N3738B,Boeing 737-832,24
N3739P,Boeing 737-832,24
N373DA,Boeing 737-832,26
N373DX,Airbus A321-211,5
N373FR,Airbus A320-251N,3
N373HA,Airbus A330-243,10
N373NW,Airbus Industrie A320-212,23
N37408,Boeing 737-924,23
N37409,Boeing 737-924,23
N3740C,Boeing 737-832,24
N37413,Boeing 737-924ER,16
N37419,Boeing 737-924ER,16
N3741S,Boeing 737-832,23
N37420,Boeing 737-924ER,16
N37422,Boeing 737-924ER,16
N37427,Boeing 737-924ER,16
N3742C,Boeing 737-832,23
N37434,Boeing 737-924ER,15
N37437,Boeing 737-924ER,15
N3743H,Boeing 737-832,23
N3744F,Boeing 737-832,23
N37456,Boeing 737-924ER,12
N3745B,Boeing 737-832,23
N37462,Boeing 737-924ER,12
N37464,Boeing 737-924ER,12
N37465,Boeing 737-924ER,11
N37466,Boeing 737-924ER,11
N37468,Boeing 737-924ER,11
N3746H,Boeing 737-832,23
N37470,Boeing 737-924ER,11
N37471,Boeing 737-924ER,11
N37474,Boeing 737-924ER,11
N3747D,Boeing 737-832,23
N3748Y,Boeing 737-832,23
N3749D,Boeing 737-832,23
N374DA,Boeing 737-832,26
N374DX,Airbus A321-211,5
N374FR,Airbus A320-251N,3
N374HA,Airbus A330-243,10
N374NW,Airbus Industrie A320-212,23
N37502,Boeing 737-9,6
N37504,Boeing 737-9,6
N37506,Boeing 737-9,6
N37507
N37508
N3750D,Boeing 737-832,23
N37510,Boeing 737-9,5
N37513,Boeing 737-9,5
N37514,Boeing 737-9,5
N37516,Boeing 737-9,4
N37518,Boeing 737-9,3
N3751B,Boeing 737-832,23
N3752,Boeing 737-832,23
N37521,Boeing 737-9,5
N37522,Boeing 737-9,3
N37523,Boeing 737-9,4
N37525,Boeing 737-9,3
N37527,Boeing 737-9,3
N37528,Boeing 737-9,3
N3753,Boeing 737-832,23
N37530,Boeing 737-9,3
N37531,Boeing 737-9,2
N37532,Boeing 737-9,2
N37534,Boeing 737-9,2
N37535,Boeing 737-9,2
N37536,Boeing 737-9,2
N37537,Boeing 737-9,2
N37538
N37540,Boeing 737-9,2
N37541,Boeing 737-9,2
N37542,Boeing 737-9,2
N37545,Boeing 737-9,2
N37547,Boeing 737-9,2
N37548,Boeing 737-9,2
N37549,Boeing 737-9,1
N3754A,Boeing 737-832,23
N37551,Boeing 737-9,1
N37553,Boeing 737-9,1
N37554,Boeing 737-9,1
N37555,Boeing 737-9,1
N37556,Boeing 737-9,1
N3755D,Boeing 737-832,23
N3756,Boeing 737-832,23
N37560,Boeing 737-9,1
N37561,Boeing 737-9,1
N37562,Boeing 737-9,1
N37563,Boeing 737-9,1
N37567,Boeing 737-9,1
N37577,Boeing 737-9,1
N3757D,Boeing 737-832,23
N3758Y,Boeing 737-832,23
N3759,Boeing 737-832,23
N375DA,Boeing 737-832,26
N375DN,Airbus A321-211,5
N375FR,Airbus A320-251N,4
N375HA,Airbus A330-243,9
N375JB,Embraer ERJ 190-100 IGW,11
N375NC,Airbus A320-212,22
N3760C,Boeing 737-832,23
N3761R,Boeing 737-832,23
N3762Y,Boeing 737-832,23
N3763D,Boeing 737-832,23
N3764D,Boeing 737-832,23
N3765,Boeing 737-832,23
N3766,Boeing 737-832,23
N3767,Boeing 737-832,23
N3768,Boeing 737-832,22
N3769L,Boeing 737-832,22
N376CA,Bombardier Inc CL-600-2C10,21
N376DA,Boeing 737-832,25
N376DN,Airbus A321-211,5
N376FR,Airbus A320-251N,4
N376NW,Airbus A320-212,22
N37700,Boeing 737-832,22
N3771K,Boeing 737-832,22
N3772H,Boeing 737-832,14
N3773D,Boeing 737-832,14
N377DA,Boeing 737-832,25
N377DE,Boeing 737-8EH,10
N377DN,Airbus A321-211,5
N377FR,Airbus A320-251N,3
N377NW,Airbus A320-211,21
N378DA,Boeing 737-832,25
N378DN,Airbus A321-211,5
N378FR,Airbus A320-251N,3
N378HA,Airbus A330-243,9
N378NW,Airbus A320-211,21
N378SC,Boeing 737-8,4
N379DA,Boeing 737-832,25
N379DN,Airbus A321-211,5
N379FR,Airbus A320-251N,3
N379HA,Airbus A330-243,9
N380DA,Boeing 737-832,25
N380DN,Airbus A321-211,5
N380FR,Airbus A320-251N,3
N380HA,Airbus A330-243,14
N381DN,Boeing 737-832,25
N381DZ,Airbus A321-211,5
N381FR,Airbus A320-251N,3
N381HA,Airbus A330-243,14
N38257,Boeing 737-824,24
N38268,Boeing 737-824,23
N382DA,Boeing 737-832,25
N382DN,Airbus A321-211,5
N382FR,Airbus A320-251N,3
N382HA,Airbus A330-243,14
N383DN,Boeing 737-832,25
N383DZ,Airbus A321-211,5
N383FR,Airbus A320-251N,3
N383HA,Airbus A330-243,13
N38403,Boeing 737-924,23
N38417,Boeing 737-924ER,16
N38424,Boeing 737-924ER,16
N38443,Boeing 737-924ER,14
N38446,Boeing 737-924ER,12
N38451,Boeing 737-924ER,12
N38454,Boeing 737-924ER,12
N38458,Boeing 737-924ER,12
N38459,Boeing 737-924ER,12
N38467,Boeing 737-924ER,11
N38473,Boeing 737-924ER,11
N38479,Boeing 737-900ER,8
N384DA,Boeing 737-832,25
N384DN,Airbus A321-211,5
N384FR,Airbus A320-251N,3
N384HA,Airbus A330-243,13
N385DN,Boeing 737-832,25
N385DZ,Airbus A321-211,5
N385FR,Airbus A320-251N,3
N385HA,Airbus A330-243,12
N386DA,Boeing 737-832,25
N386DN,Airbus Sas A321-211,5
N386FR,Airbus A320-251N,3
N386HA,Airbus A330-243,12
N38727,Boeing 737-724,25
N387DA,Boeing 737-832,24
N387DN,Airbus A321-211,5
N387FR,Airbus A320-251N,3
N388DA,Boeing 737-832,24
N388DN,Airbus Sas A321-211,5
N388FR,Airbus A320-251N,2
N388HA,Airbus A330-243,12
N38950,Boeing 787-9,10
N38955,Boeing 787-9,9
N389DA,Boeing 737-832,24
N389DN,Airbus A321-211,4
N389FR,Airbus A320-251N,2
N389HA
N390CA,Bombardier Inc CL-600-2C10,21
N390DA,Boeing 737-832,24
N390DN,Airbus A321-211,5
N390FR,Airbus A320-251N,2
N390HA,Airbus A330-243,11
N391CA,Bombardier Inc CL-600-2C10,21
N391DA,Boeing 737-832,24
N391DN,Airbus A321-211,5
N391FR,Airbus A320-251N,2
N391HA,Airbus A330-243,11
N39297,Boeing 737-824,19
N392DA,Boeing 737-832,24
N392DN,Airbus A321-211,5
N392FR
N392HA,Airbus A330-243,11
N393DA,Boeing 737-832,24
N393DN,Airbus Sas A321-211,5
N393FR,Airbus A320-251N,2
N393HA,Airbus A330-243,11
N39415,Boeing 737-924ER,16
N39416,Boeing 737-924ER,16
N39418,Boeing 737-924ER,16
N39423,Boeing 737-924ER,16
N39450,Boeing 737-924ER,12
N39461,Boeing 737-924ER,12
N39463,Boeing 737-924ER,12
N39475,Boeing 737-924ER,11
N394DA,Boeing 737-832,24
N394DL,Boeing 767-324,29
N394DX,Airbus A321-211,5
N394FR,Airbus A320-251N,2
N395DN,Boeing 737-832,24
N395DZ,Airbus Sas A321-211,5
N395FR,Airbus A320-251N,2
N395HA,Airbus A330-243,11
N396DA,Boeing 737-832,24
N396DN,Airbus A321-211,5
N396FR,Airbus A320-251N,2
N396HA,Airbus A330-243,10
N39726,Boeing 737-724,25
N39728,Boeing 737-724,25
N397DA,Boeing 737-832,24
N397DN,Airbus A321-211,5
N398CA,Bombardier Inc CL-600-2C10,21
N398DA,Boeing 737-832,24
N398DN,Airbus A321-211,4
N399DA,Boeing 737-832,24
N399HA,Airbus A330-243,10
N4005X,Airbus A319-115,11
N400AN,Airbus A321-253NX,5
N400SY,Embraer S A ERJ 170-200 LR,6
N400WN,Boeing 737-7H4,23
N401AN,Airbus A321-253NX,5
N401DZ,Airbus A330-941,5
N401UA,Airbus Industrie A320-232,31
N401WN,Boeing 737-7H4,23
N401YX,Embraer S A ERJ 170-200 LR,11
N4022J,Airbus A321-271NX,3
N402AN,Airbus A321-253NX,5
N402AS,Boeing 737-990ER,12
N402DX,Airbus A330-941,5
N402SY,Embraer S A ERJ 170-200 LR,6
N402UA,Airbus Industrie A320-232,31
N402YX,Embraer S A ERJ 170-200 LR,11
N4032T,Airbus A319-115,9
N403AN,Airbus A321-253NX,5
N403AS,Boeing 737-990ER,12
N403DX,Airbus A330-941,5
N403SY,Embraer S A ERJ 170-200 LR,6
N403UA,Airbus Industrie A320-232,31
N403WN,Boeing 737-7H4,23
N403YX,Embraer S A ERJ 170-200 LR,11
N4048J,Airbus A321-271NX,3
N404AN,Airbus A321-253NX,5
N404DX,Airbus A330-941,5
N404SY,Embraer S A ERJ 170-200 LR,6
N404UA,Airbus Industrie A320-232,31
N404WN,Boeing 737-7H4,23
N404YX,Embraer S A ERJ 170-200 LR,11
N4058J,Airbus A321-271NX,3
N405AN,Airbus A321-253NX,5
N405DX,Airbus A330-941,4
N405QX,Bombardier Inc DHC-8-402,23
N405SY,Embraer S A ERJ 170-200 LR,6
N405UA,Airbus Industrie A320-232,31
N405WN,Boeing 737-7H4,23
N405YX,Embraer S A ERJ 170-200 LR,11
N4062J,Airbus A321-271NX,2
N4064J,Airbus A321-271NX,2
N406AN,Airbus A321-253NX,5
N406DX,Airbus A330-941,4
N406SY,Embraer S A ERJ 170-200 LR,2
N406UA,Airbus Industrie A320-232,30
N406WN,Boeing 737-7H4,23
N406YX,Embraer S A ERJ 170-200 LR,11
N4073J,Airbus A321-271NX,1
N4074J,Airbus A321-271NX,1
N4076J,Airbus A321-271NX,1
N407AN,Airbus A321-253NX,5
N407AS,Boeing 737-990ER,12
N407DX,Airbus A330-941,4
N407SY,Embraer S A ERJ 170-200 LR,2
N407UA,Airbus Industrie A320-232,30
N407WN,Boeing 737-7H4,23
N407YX,Embraer S A ERJ 170-200 LR,11
N408AN,Airbus A321-253NX,5
N408AS,Boeing 737-990ER,12
N408AW,Bombardier Inc CL-600-2B19,23
N408DX,Airbus A330-941,4
N408SY,Embraer S A ERJ 170-200 LR,2
N408UA,Airbus Industrie A320-232,30
N408WN,Boeing 737-7H4,23
N408YX,Embraer ERJ 170-200 LR,11
N409AA,Airbus A321-253NX,5
N409AS,Boeing 737-990ER,11
N409AW,Bombardier Inc CL-600-2B19,24
N409DX,Airbus A330-941,3
N409SY,Embraer S A ERJ 170-200 LR,2
N409UA,Airbus Industrie A320-232,30
N409WN,Boeing 737-7H4,23
N409YX,Embraer ERJ 170-200 LR,11
N410AN,Airbus A321-253NX,5
N410AW,Bombardier Inc CL-600-2B19,23
N410DZ,Airbus A330-941,3
N410SY,Embraer S A ERJ 170-200 LR,2
N410UA,Airbus Industrie A320-232,30
N410WN,Boeing 737-7H4,23
N410YX,Embraer ERJ 170-200 LR,11
N41135,Boeing 757-224,25
N41140,Boeing 757-224,24
N411AN,Airbus A321-253NX,4
N411DX,Airbus A330-941,3
N411SY,Embraer S A ERJ 170-200 LR,2
N411UA,Airbus Industrie A320-232,30
N411WN,Boeing 737-7H4,23
N411YX,Embraer ERJ 170-200 LR,11
N411ZW,Bombardier Inc CL-600-2B19,23
N412DX,Airbus A330-941,2
N412SY,Embraer S A ERJ 170-200 LR,2
N412UA,Airbus Industrie A320-232,30
N412UW,Airbus A321-253NX,5
N412WN,Boeing 737-7H4,23
N412YX,Embraer ERJ 170-200 LR,11
N413AN,Airbus A321-253NX,4
N413AS,Boeing 737-990ER,11
N413AW,Bombardier Inc CL-600-2B19,23
N413DX,Airbus Sas A330-941,2
N413SY,Embraer S A ERJ 170-200 LR,2
N413UA,Airbus Industrie A320-232,30
N413WN,Boeing 737-7H4,23
N413YX,Embraer ERJ 170-200 LR,11
N414AL,Airbus A321-253NX,4
N414DZ,Airbus Sas A330-941,2
N414SY,Embraer S A ERJ 170-200 LR,2
N414UA,Airbus Industrie A320-232,30
N414WN,Boeing 737-7H4,23
N414YX,Embraer ERJ 170-200 LR,11
N415AN,Airbus A321-253NX,4
N415AW,Bombardier Inc CL-600-2B19,23
N415DX,Airbus Sas A330-941,2
N415UA,Airbus Industrie A320-232,30
N415WN,Boeing 737-7H4,23
N416AN,Airbus A321-253NX,4
N416AW,Bombardier Inc CL-600-2B19,22
N416DX,Airbus A330-941,2
N416UA,Airbus Industrie A320-232,30
N416WN,Boeing 737-7H4,23
N416YX,Embraer ERJ 170-200 LR,11
N417AN,Airbus A321-253NX,4
N417AW,Bombardier Inc CL-600-2B19,22
N417DX,Airbus A330-941,2
N417UA,Airbus Industrie A320-232,30
N417WN,Boeing 737-7H4,23
N417YX,Embraer ERJ 170-200 LR,11
N418AN,Airbus A321-253NX,4
N418DX,Airbus A330-941,2
N418UA,Airbus Industrie A320-232,30
N418WN,Boeing 737-7H4,23
N418YX,Embraer ERJ 170-200 LR,11
N419AN,Airbus A321-253NX,4
N419AS,Boeing 737-990ER,11
N419DX,Airbus Sas A330-941,2
N419UA,Airbus Industrie A320-232,30
N419WN,Boeing 737-7H4,23
N419YX,Embraer ERJ 170-200 LR,11
N420AN,Airbus A321-253NX,4
N420AW,Bombardier Inc CL-600-2B19,22
N420DX,Airbus Sas A330-941,2
N420UA,Airbus Industrie A320-232,30
N420WN,Boeing 737-7H4,23
N420YX,Embraer S A ERJ 170-200 LR,10
N421DX,Airbus Sas A330-941,1
N421LV,Boeing 737-7H4,23
N421QX,Bombardier Inc DHC-8-402,17
N421UA,Airbus Industrie A320-232,30
N421UW,Airbus A321-253NX,4
N421YX,Embraer S A ERJ 170-200 LR,10
N422AN,Airbus A321-253NX,4
N422DZ,Airbus Sas A330-941,1
N422UA,Airbus Industrie A320-232,29
N422WN,Boeing 737-7H4,22
N422YX,Embraer S A ERJ 170-200 LR,10
N423AN,Airbus A321-253NX,3
N423AS,Boeing 737-990ER,11
N423AW,Bombardier Inc CL-600-2B19,22
N423DX,Airbus Sas A330-941,1
N423UA,Airbus Industrie A320-232,29
N423WN,Boeing 737-7H4,22
N423YX,Embraer S A ERJ 170-200 LR,10
N424AN,Airbus A321-253NX,4
N424AW,Bombardier Inc CL-600-2B19,22
N424DX,Airbus Sas A330-941,1
N424UA,Airbus Industrie A320-232,29
N424WN,Boeing 737-7H4,22
N424YX,Embraer S A ERJ 170-200 LR,10
N425AN,Airbus A321-253NX,4
N425AW,Bombardier Inc CL-600-2B19,22
N425DX,Airbus Sas A330-941,1
N425LV,Boeing 737-7H4,22
N425UA,Airbus Industrie A320-232,29
N425YX,Embraer S A ERJ 170-200 LR,10
N426AN,Airbus A321-253NX,4
N426AW,Bombardier Inc CL-600-2B19,22
N426UA,Airbus Industrie A320-232,29
N426WN,Boeing 737-7H4,22
N426YX,Embraer S A ERJ 170-200 LR,10
N427AN,Airbus A321-253NX,4
N427UA,Airbus Industrie A320-232,29
N427WN,Boeing 737-7H4,22
N427YX,Embraer S A ERJ 170-200 LR,10
N427ZW,Bombardier Inc CL-600-2B19,22
N428AA,Airbus A321-253NX,4
N428AS,Boeing 737-990ER,8
N428AW,Bombardier Inc CL-600-2B19,22
N428UA,Airbus Industrie A320-232,29
N428WN,Boeing 737-7H4,22
N428YX,Embraer S A ERJ 170-200 LR,10
N429AN,Airbus A321-253NX,3
N429AW,Bombardier Inc CL-600-2B19,22
N429UA,Airbus Industrie A320-232,29
N429WN,Boeing 737-7H4,22
N429YX,Embraer S A ERJ 170-200 LR,10
N430AN,Airbus A321-253NX,3
N430QX,Bombardier Inc DHC-8-402,17
N430SW,Bombardier Inc CL-600-2B19,23
N430SY,Embraer S A ERJ 170-200 LR,2
N430UA,Airbus Industrie A320-232,28
N430YX,Embraer S A ERJ 170-200 LR,10
N431AN,Airbus A321-253NX,3
N431AS,Boeing 737-990ER,11
N431AW,Bombardier Inc CL-600-2B19,26
N431UA,Airbus Industrie A320-232,28
N431WN,Boeing 737-7H4,22
N431YX,Embraer S A ERJ 170-200 LR,10
N432AN,Airbus A321-253NX,3
N432AW,Bombardier Inc CL-600-2B19,26
N432UA,Airbus Industrie A320-232,28
N432YX
N433AN,Airbus A321-253NX,3
N433AS,Boeing 737-990ER,11
N433AW,Bombardier Inc CL-600-2B19,25
N433UA,Airbus Industrie A320-232,28
N433YX,Embraer S A ERJ 170-200 LR,10
N434AN,Airbus A321-253NX,3
N434AS,Boeing 737-990ER,8
N434AW,Bombardier Inc CL-600-2B19,25
N434UA,Airbus Industrie A320-232,28
N434YX,Embraer S A ERJ 170-200 LR,10
N435AN,Airbus A321-253NX,3
N435AS,Boeing 737-990ER,11
N435AW,Bombardier Inc CL-600-2B19,22
N435QX,Bombardier Inc DHC-8-402,15
N435UA,Airbus Industrie A320-232,28
N435WN,Boeing 737-7H4,21
N435YX,Embraer S A ERJ 170-200 LR,10
N436AN,Airbus A321-253NX,3
N436AW,Bombardier Inc CL-600-2B19,22
N436UA,Airbus Industrie A320-232,28
N436WN,Boeing 737-7H4,21
N436YX,Embraer S A ERJ 170-200 LR,10
N437AN,Airbus A321-253NX,3
N437AW
N437UA,Airbus Industrie A320-232,27
N437WN,Boeing 737-7H4,21
N437YX,Embraer S A ERJ 170-200 LR,10
N438AN,Airbus A321-253NX,3
N438AW,Bombardier Inc CL-600-2B19,21
N438UA,Airbus Industrie A320-232,27
N438WN,Boeing 737-7H4,21
N438YX,Embraer S A ERJ 170-200 LR,10
N439AN,Airbus A321-253NX,3
N439AW,Bombardier Inc CL-600-2B19,21
N439SW,Bombardier Inc CL-600-2B19,23
N439UA,Airbus Industrie A320-232,27
N439WN,Boeing 737-7H4,21
N439YX,Embraer S A ERJ 170-200 LR,10
N440AN,Airbus A321-253NX,3
N440AS,Boeing 737-990ER,11
N440AW,Bombardier Inc CL-600-2B19,21
N440LV,Boeing 737-7H4,21
N440UA,Airbus Industrie A320-232,27
N440YX,Embraer S A ERJ 170-200 LR,10
N441SW,Bombardier Inc CL-600-2B19,22
N441UA,Airbus Industrie A320-232,27
N441UW,Airbus A321-253NX,3
N441WN,Boeing 737-7H4,21
N441YX,Embraer S A ERJ 170-200 LR,10
N441ZW,Bombardier Inc CL-600-2B19,21
N442AN,Airbus A321-253NX,3
N442AS,Boeing 737-990ER,11
N442AW,Bombardier Inc CL-600-2B19,21
N442SW,Bombardier Inc CL-600-2B19,22
N442UA,Airbus Industrie A320-232,26
N442WN,Boeing 737-7H4,21
N442YX,Embraer S A ERJ 170-200 LR,9
N443AA,Airbus A321-253NX,3
N443AW,Bombardier Inc CL-600-2B19,21
N443QX,Bombardier Inc DHC-8-402,13
N443UA,Airbus Industrie A320-232,26
N443WN,Boeing 737-7H4,21
N443YX,Embraer S A ERJ 170-200 LR,9
N444QX,Bombardier Inc DHC-8-402,13
N444UA,Airbus Industrie A320-232,26
N444UW,Airbus A321-253NX,2
N444WN,Boeing 737-7H4,21
N444YX,Embraer S A ERJ 170-200 LR,9
N444ZW,Bombardier Inc CL-600-2B19,21
N44501,Airbus S A S A321-271NX,1
N445AA,Airbus A321-253NX,2
N445QX,Bombardier Inc DHC-8-402,13
N445SW,Bombardier Inc CL-600-2B19,22
N445UA,Airbus Industrie A320-232,26
N445WN,Boeing 737-7H4,21
N445YX,Embraer S A ERJ 170-200 LR,9
N446AN,Airbus A321-253NX,2
N446AW,Bombardier Inc CL-600-2B19,21
N446QX,Bombardier Inc DHC-8-402,13
N446SW,Bombardier Inc CL-600-2B19,22
N446UA,Airbus Industrie A320-232,26
N446WN,Boeing 737-7H4,21
N446YX,Embraer S A ERJ 170-200 LR,9
N447AN,Airbus A321-253NX,2
N447QX,Bombardier Inc DHC-8-402,13
N447SW,Bombardier Inc CL-600-2B19,22
N447UA,Airbus Industrie A320-232,26
N447WN,Boeing 737-7H4,21
N447YX,Embraer S A ERJ 170-200 LR,9
N448AN,Airbus A321-253NX,2
N448AS,Boeing 737-990ER,8
N448AW,Bombardier Inc CL-600-2B19,21
N448UA,Airbus Industrie A320-232,26
N448WN,Boeing 737-7H4,21
N448YX
N449AN,Airbus A321-253NX,2
N449SW,Bombardier Inc CL-600-2B19,22
N449UA,Airbus Industrie A320-232,26
N449WN,Boeing 737-7H4,21
N449YX,Yabora Industria Aeronautica S ERJ 170-200 LR,3
N450AN,Airbus A321-253NX,2
N450AW,Bombardier Inc CL-600-2B19,21
N450WN,Boeing 737-7H4,20
N450YX,Yabora Industria Aeronautica S ERJ 170-200 LR,3
N451AN,Airbus A321-253NX,2
N451AW,Bombardier Inc CL-600-2B19,21
N451QX,Bombardier Inc DHC-8-402,11
N451UA,Airbus Industrie A320-232,26
N451WN,Boeing 737-7H4,20
N451YX,Yabora Industria Aeronautica S ERJ 170-200 LR,3
N452AN,Airbus A321-253NX,2
N452AW,Bombardier Inc CL-600-2B19,21
N452UA,Airbus Industrie A320-232,25
N452WN,Boeing 737-7H4,20
N452YX
N453AA,Airbus A321-253NX,2
N453AS,Boeing 737-990ER,10
N453QX,Bombardier Inc DHC-8-402,9
N453UA,Airbus Industrie A320-232,25
N453WN,Boeing 737-7H4,20
N453YX
N45440,Boeing 737-924ER,15
N454AL,Airbus A321-253NX,2
N454AW,Bombardier Inc CL-600-2B19,21
N454UA,Airbus Industrie A320-232,25
N454WN,Boeing 737-7H4,20
N455AN,Airbus A321-253NX,2
N455AW,Bombardier Inc CL-600-2B19,21
N455UA,Airbus Industrie A320-232,25
N455WN,Boeing 737-7H4,20
N456AN,Airbus A321-253NX,2
N456UA,Airbus Industrie A320-232,25
N456WN,Boeing 737-7H4,20
N456ZW,Bombardier Inc CL-600-2B19,21
N457AM,Airbus A321-253NX,2
N457AS,Boeing 737-990ER,10
N457AW,Bombardier Inc CL-600-2B19,21
N457SW,Bombardier Inc CL-600-2B19,21
N457UA,Airbus Industrie A320-232,25
N457WN,Boeing 737-7H4,20
N458AL,Airbus A321-253NX,2
N458AW,Bombardier Inc CL-600-2B19,21
N458UA,Airbus Industrie A320-232,24
N458WN,Boeing 737-7H4,20
N45905,Boeing 787-8,12
N45956,Boeing 787-9,9
N459AN,Airbus A321-253NX,2
N459AS,Boeing 737-990ER,10
N459AW,Bombardier Inc CL-600-2B19,21
N459SW,Bombardier Inc CL-600-2B19,21
N459UA,Airbus Industrie A320-232,24
N459WN,Boeing 737-7H4,20
N460AN,Airbus A321-253NX,2
N460AW,Bombardier Inc CL-600-2B19,21
N460SW,Bombardier Inc CL-600-2B19,21
N460UA,Airbus Industrie A320-232,24
N460WN,Boeing 737-7H4,20
N461AN,Airbus A321-253NX,2
N461AS,Boeing 737-990ER,10
N461AW,Bombardier Inc CL-600-2B19,21
N461SW,Bombardier Inc CL-600-2B19,21
N461UA,Airbus Industrie A320-232,24
N461WN,Boeing 737-7H4,20
N462AA,Airbus A321-253NX,2
N462AS,Boeing 737-990ER,10
N462UA,Airbus Industrie A320-232,24
N462WN,Boeing 737-7H4,20
N463AA,Airbus A321-253NX,2
N463AW,Bombardier Inc CL-600-2B19,21
N463SW,Bombardier Inc CL-600-2B19,21
N463UA,Airbus Industrie A320-232,24
N463WN,Boeing 737-7H4,20
N464AA,Airbus A321-253NX,2
N464AS,Boeing 737-990ER,10
N464AW
N464SW,Bombardier Inc CL-600-2B19,21
N464UA,Airbus Industrie A320-232,24
N464WN,Boeing 737-7H4,20
N465AN,Airbus A321-253NX,2
N465AW,Bombardier Inc CL-600-2B19,20
N465SW,Bombardier Inc CL-600-2B19,21
N465UA,Airbus Industrie A320-232,24
N465WN,Boeing 737-7H4,20
N466AN,Airbus A321-253NX,2
N466AW
N466SW,Bombardier Inc CL-600-2B19,21
N466UA,Airbus Industrie A320-232,24
N467AL,Airbus A321-253NX,2
N467AS,Boeing 737-990ER,10
N467AW
N467UA,Airbus Industrie A320-232,24
N467WN,Boeing 737-7H4,20
N468AN,Airbus A321-253NX,1
N468AS,Boeing 737-990ER,10
N468AW
N468UA,Airbus Industrie A320-232,24
N468WN,Boeing 737-7H4,20
N469AN,Airbus A321-253NX,1
N469AS,Boeing 737-990ER,10
N469AW,Bombardier Inc CL-600-2B19,20
N469UA,Airbus Industrie A320-232,23
N469WN,Boeing 737-7H4,20
N470UA,Airbus Industrie A320-232,23
N470WN,Boeing 737-7H4,20
N470ZW,Bombardier Inc CL-600-2B19,20
N471AS,Boeing 737-990ER,10
N471CA,Bombardier Inc CL-600-2B19,22
N471UA,Airbus Industrie A320-232,23
N471ZW,Bombardier Inc CL-600-2B19,24
N47275,Boeing 737-8,2
N47280,Boeing 737-8,2
N47281,Boeing 737-8,2
N47282,Boeing 737-8,2
N47284,Boeing 737-8,2
N47288,Boeing 737-8,2
N47291,Boeing 737-8,1
N47293,Boeing 737-8,1
N472AS,Boeing 737-990ER,9
N472UA,Airbus Industrie A320-232,23
N472WN,Boeing 737-7H4,20
N47340,Boeing 737-8,1
N473UA,Airbus Industrie A320-232,23
N473WN,Boeing 737-7H4,20
N47414,Boeing 737-924ER,16
N474AS,Boeing 737-990ER,9
N474UA,Airbus Industrie A320-232,23
N474WN,Boeing 737-7H4,20
N47505,Boeing 737-9,6
N47512,Boeing 737-9,5
N47517,Boeing 737-9,4
N47524,Boeing 737-9,4
N47533,Boeing 737-9,2
N47569,Boeing 737-9,1
N47570,Boeing 737-9,1
N475HA,Boeing 717-200,23
N475UA,Airbus Industrie A320-232,23
N475WN,Boeing 737-7H4,20
N476HA,Boeing 717-200,23
N476UA,Airbus Industrie A320-232,23
N476WN,Boeing 737-7H4,20
N477AS,Boeing 737-990ER,9
N477CA,Bombardier Inc CL-600-2B19,22
N477HA,Boeing 717-200,23
N477UA,Airbus Industrie A320-232,23
N477WN,Boeing 737-7H4,20
N478AS,Boeing 737-990ER,9
N478HA,Boeing 717-200,23
N478PX,Bombardier Inc CL-600-2D24,5
N478UA,Airbus Industrie A320-232,23
N478WN,Boeing 737-7H4,20
N479AS,Boeing 737-990ER,9
N479CA,Bombardier Inc CL-600-2B19,22
N479HA,Boeing 717-200,23
N479PX,Bombardier Inc CL-600-2D24,5
N479UA,Airbus Industrie A320-232,23
N479WN,Boeing 737-7H4,20
N480HA,Boeing 717-200,23
N480PX,Bombardier Inc CL-600-2D24,4
N480UA,Airbus Industrie A320-232,23
N480WN,Boeing 737-7H4,20
N48127,Boeing 757-224,26
N481AS,Boeing 737-990ER,9
N481UA,Airbus Industrie A320-232,23
N481WN,Boeing 737-7H4,20
N482PX,Bombardier Inc CL-600-2D24,4
N482UA,Airbus Industrie A320-232,23
N482WN,Boeing 737-7H4,20
N483AS,Boeing 737-990ER,9
N483HA,Boeing 717-200,23
N483UA,Airbus Industrie A320-232,23
N483WN,Boeing 737-7H4,20
N484HA,Boeing 717-200,23
N484UA,Airbus Industrie A320-232,23
N484WN,Boeing 737-7H4,20
N485HA,Boeing 717-200,23
N485PX,Bombardier Inc CL-600-2D24,4
N485UA,Airbus Industrie A320-232,23
N485WN,Boeing 737-7H4,20
N486AS,Boeing 737-990ER,9
N486HA,Boeing 717-200,23
N486UA,Airbus Industrie A320-232,23
N486WN,Boeing 737-7H4,20
N487AS,Boeing 737-990ER,9
N487CA,Bombardier Inc CL-600-2B19,22
N487HA,Boeing 717-200,23
N487UA,Airbus Industrie A320-232,22
N487WN,Boeing 737-7H4,20
N4888U,Airbus A319-132,17
N488HA,Boeing 717-200,26
N488UA,Airbus Industrie A320-232,22
N488WN,Boeing 737-7H4,20
N489HA,Boeing 717-200,26
N489UA,Airbus A320-232,22
N489WN,Boeing 737-7H4,20
N4901U,Airbus A320-232,18
N490HA,Boeing 717-200,24
N490PX,Bombardier Inc CL-600-2D24,4
N490UA,Airbus A320-232,22
N490WN,Boeing 737-7H4,20
N491AS,Boeing 737-990ER,9
N491HA,Boeing 717-200,21
N491PX,Bombardier Inc CL-600-2D24,4
N491UA,Airbus A320-232,22
N491WN,Boeing 737-7H4,20
N492AS,Boeing 737-990ER,9
N492HA,Boeing 717-200,20
N492UA,Airbus A320-232,22
N492WN,Boeing 737-7H4,20
N493AS,Boeing 737-990ER,8
N493HA,Boeing 717-200,19
N493UA,Airbus A320-232,22
N493WN,Boeing 737-7H4,20
N494AS,Boeing 737-990ER,8
N494CA,Bombardier Inc CL-600-2B19,21
N494HA,Boeing 717-200,20
N494UA,Airbus A320-232,22
N494WN,Boeing 737-7H4,20
N495AS,Boeing 737-990ER,8
N495HA,Boeing 717-200,20
N495UA,Airbus A320-232,22
N495WN,Boeing 737-7H4,20
N496CA,Bombardier Inc CL-600-2B19,21
N496UA,Airbus A320-232,22
N496WN,Boeing 737-7H4,20
N497UA,Airbus A320-232,22
N497WN,Boeing 737-7H4,20
N498CA,Bombardier Inc CL-600-2B19,21
N498UA,Airbus A320-232,22
N498WN,Boeing 737-7H4,19
N499WN,Boeing 737-7H4,19
N5007E,Airbus A319-115,11
N500AE,Bombardier Inc CL-600-2C10,23
N500WR,Boeing 737-8H4,10
N501BG,Bombardier Inc CL-600-2C10,23
N501DA,Airbus A321-271NX,2
N501DN,Airbus Sas A350-941,7
N501GJ,Bombardier Inc CL-600-2C11,23
N501SY,Yabora Industria Aeronautica S ERJ 170-200 LR,3
N502AE,Bombardier Inc CL-600-2C10,23
N502DN,Airbus Sas A350-941,7
N502DX,Airbus A321-271NX,2
N502GJ,Bombardier Inc CL-600-2C11,23
N502NK
N502SY,Yabora Industria Aeronautica S ERJ 170-200 LR,3
N503AE,Bombardier Inc CL-600-2C10,22
N503DN,Airbus A350-941,7
N503DZ,Airbus A321-271NX,2
N503GJ,Bombardier Inc CL-600-2C11,23
N503JB,Airbus Industrie A320-232,25
N503NK
N503SY,Yabora Industria Aeronautica S ERJ 170-200 LR,3
N504AE
N504DN,Airbus A350-941,7
N504DZ,Airbus A321-271NX,2
N504GJ,Bombardier Inc CL-600-2C11,22
N504JB,Airbus Industrie A320-232,25
N504NK,Airbus A319-132,19
N504SY,Yabora Industria Aeronautica S ERJ 170-200 LR,3
N505AE,Bombardier Inc CL-600-2C10,22
N505DN,Airbus A350-941,7
N505DZ,Airbus A321-271NX,2
N505JB,Airbus Industrie A320-232,24
N505NK,Airbus A319-132,19
N505SY,Yabora Industria Aeronautica S ERJ 170-200 LR,3
N506AE,Bombardier Inc CL-600-2C10,22
N506AS,Boeing 737-890,16
N506CA,Bombardier Inc CL-600-2B19,21
N506DA,Airbus A321-271NX,2
N506DN,Airbus A350-941,7
N506GJ,Bombardier Inc CL-600-2C11,22
N506JB,Airbus Industrie A320-232,24
N506NK,Airbus A319-132,19
N506SY,Yabora Industria Aeronautica S ERJ 170-200 LR,3
N507AE,Bombardier Inc CL-600-2C10,22
N507AY,Airbus A321-231,16
N507DN,Airbus A350-941,6
N507DZ,Airbus A321-271NX,2
N507JT,Airbus Industrie A320-232,24
N507NK,Airbus A319-132,19
N507SY,Yabora Industria Aeronautica S ERJ 170-200 LR,3
N508AE,Bombardier Inc CL-600-2C10,22
N508AS,Boeing 737-890,16
N508AY,Airbus A321-231,16
N508DA,Airbus A321-271NX,2
N508DN,Airbus A350-941,6
N508GJ,Bombardier Inc CL-600-2C11,22
N508JL,Airbus Industrie A320-232,24
N508NK,Airbus A319-132,19
N508SY,Yabora Industria Aeronautica S ERJ 170-200 LR,3
N509AE,Bombardier Inc CL-600-2C10,21
N509AY,Airbus A321-231,15
N509DN,Airbus A350-941,6
N509DT,Airbus A321-271NX,2
N509JB,Airbus Industrie A320-232,24
N509NK,Airbus A319-132,19
N509SY,Yabora Industria Aeronautica S ERJ 170-200 LR,3
N510AE,Bombardier Inc CL-600-2C10,21
N510DE,Airbus A321-271NX,2
N510DN,Airbus A350-941,6
N510JB,Airbus Industrie A320-232,24
N510NK,Airbus A319-132,19
N510SY,Yabora Industria Aeronautica S ERJ 170-200 LR,3
N510UW,Airbus A321-231,15
N511AE,Bombardier Inc CL-600-2C10,21
N511DE,Airbus A321-271NX,2
N511DN,Airbus A350-941,6
N511GJ,Bombardier Inc CL-600-2C11,21
N511SY,Yabora Industria Aeronautica S ERJ 170-200 LR,3
N512AE
N512AS,Boeing 737-890,16
N512DE,Airbus A321-271NX,2
N512DN,Airbus A350-941,5
N512NK,Airbus A319-132,18
N512SY,Yabora Industria Aeronautica S ERJ 170-200 LR,3
N513AE,Bombardier Inc CL-600-2C10,21
N513AS,Boeing 737-890,16
N513DA
N513DZ,Airbus A350-941,5
N513SY,Yabora Industria Aeronautica S ERJ 170-200 LR,3
N514AE,Bombardier Inc CL-600-2C10,21
N514AS,Boeing 737-890,16
N514DE,Airbus A321-271NX,2
N514DN,Airbus A350-941,4
N514NK,Airbus A319-132,18
N514SY,Yabora Industria Aeronautica S ERJ 170-200 LR,3
N515AE,Bombardier Inc CL-600-2C10,21
N515DE,Airbus A321-271NX,2
N515DN,Airbus A350-941,4
N515NK,Airbus A319-132,18
N515SY,Yabora Industria Aeronautica S ERJ 170-200 LR,3
N516AE,Bombardier Inc CL-600-2C10,21
N516AS,Boeing 737-890,16
N516DA,Airbus A321-271NX,2
N516DN,Airbus Sas A350-941,2
N516JB,Airbus Industrie A320-232,24
N516NK,Airbus A319-132,18
N516SY,Yabora Industria Aeronautica S ERJ 170-200 LR,3
N517AE,Bombardier Inc CL-600-2C10,21
N517AS,Boeing 737-890,16
N517DN,Airbus A321-271NX,2
N517DZ,Airbus Sas A350-941,2
N517JB,Airbus Industrie A320-232,24
N517NK,Airbus A319-132,18
N517SY,Yabora Industria Aeronautica S ERJ 170-200 LR,3
N518AE,Bombardier Inc CL-600-2C10,21
N518AS,Boeing 737-890,15
N518DQ,Airbus A321-271NX,2
N518DZ,Airbus Sas A350-941,2
N519AE,Bombardier Inc CL-600-2C10,21
N519AS,Boeing 737-890,15
N519DN,Airbus Sas A350-941,2
N519DT,Airbus A321-271NX,1
N519GJ,Bombardier Inc CL-600-2C11,23
N519JB,Airbus Industrie A320-232,23
N519NK,Airbus A319-132,18
N519SY,Yabora Industria Aeronautica S ERJ 170-200 LR,3
N519UW,Airbus A321-231,15
N520AS,Boeing 737-890,15
N520DC,Bombardier Inc CL-600-2C10,20
N520DE,Airbus A321-271NX,1
N520GJ,Bombardier Inc CL-600-2C11,22
N520JB,Airbus Industrie A320-232,23
N520SY,Embraer S A ERJ 170-200 LR,2
N521AE,Bombardier Inc CL-600-2C10,20
N521DT,Airbus A321-271NX,2
N521GJ,Bombardier Inc CL-600-2C11,15
N521JB,Airbus Industrie A320-232,23
N521NK,Airbus A319-132,18
N521SY,Embraer S A ERJ 170-200 LR,2
N521UW,Airbus A321-231,15
N522AE,Bombardier Inc CL-600-2C10,20
N522DA,Airbus A321-271NX,2
N522GJ,Bombardier Inc CL-600-2C11,21
N522NK,Airbus A319-132,18
N523AE,Bombardier Inc CL-600-2C10,20
N523AS,Boeing 737-890,15
N523DE,Airbus A321-271NX,1
N523GJ,Bombardier Inc CL-600-2C11,21
N523JB,Airbus Industrie A320-232,23
N523NK,Airbus A319-132,18
N523UW,Airbus A321-231,15
N524AE,Bombardier Inc CL-600-2C10,20
N524AS,Boeing 737-890,15
N524DE,Airbus S A S A321-271NX,1
N524GJ,Bombardier Inc CL-600-2C11,21
N524JB,Airbus Industrie A320-232,23
N524NK,Airbus A319-132,18
N524UW,Airbus A321-231,15
N525AE,Bombardier Inc CL-600-2C10,14
N525AS,Boeing 737-890,15
N525DA,Airbus S A S A321-271NX,1
N525NK,Airbus A319-132,18
N526AS,Boeing 737-890,15
N526DE,Airbus A321-271NX,2
N526EA,Bombardier Inc CL-600-2C10,14
N526GJ,Bombardier Inc CL-600-2C11,20
N526JL,Airbus Industrie A320-232,23
N526NK,Airbus A319-132,18
N527AS
N527DE,Airbus S A S A321-271NX,1
N527EA,Bombardier Inc CL-600-2C10,14
N527JL,Airbus Industrie A320-232,23
N527NK,Airbus A319-132,17
N528AS,Boeing 737-890,15
N528DE,Airbus A321-271NX,1
N528EG
N528NK,Airbus A319-132,17
N529AS,Boeing 737-890,14
N529DT,Airbus A321-271NX,1
N529EA,Bombardier Inc CL-600-2C10,14
N529JB,Airbus Industrie A320-232,23
N529NK,Airbus A319-132,17
N530AS,Boeing 737-890,14
N530DE,Airbus A321-271NX,1
N530EA,Bombardier Inc CL-600-2C10,14
N530NK,Airbus A319-132,17
N531AS,Boeing 737-890,14
N531DA,Airbus A321-271NX,1
N531EG,Bombardier Inc CL-600-2C10,14
N531GJ,Bombardier Inc CL-600-2C11,19
N531JL,Airbus Industrie A320-232,23
N531NK,Airbus A319-132,17
N532AS,Boeing 737-890,14
N532DN,Airbus A321-271NX,1
N532EA,Bombardier Inc CL-600-2C10,14
N532NK,Airbus A319-132,17
N533AE,Bombardier Inc CL-600-2C10,14
N533AS,Boeing 737-890,13
N533DT,Airbus S A S A321-271NX,1
N533NK
N53441
N53442,Boeing 737-924ER,15
N534AE,Bombardier Inc CL-600-2C10,14
N534AS,Boeing 737-890,13
N534DT,Airbus A321-271NX,1
N534GJ,Bombardier Inc CL-600-2C11,19
N534JB,Airbus Industrie A320-232,22
N534NK,Airbus A319-132,16
N534UW,Airbus A321-231,15
N535AS,Boeing 737-890,13
N535DN,Airbus A321-271NX,1
N535EA,Bombardier Inc CL-600-2C10,14
N535GJ,Bombardier Inc CL-600-2C11,19
N535JB,Airbus Industrie A320-232,22
N535NK,Airbus Industrie A319-132,14
N535US,Boeing 757-251,29
N535UW,Airbus A321-231,15
N536AS,Boeing 737-890,12
N536DN,Airbus A321-271NX,1
N536EA,Bombardier Inc CL-600-2C10,14
N536GJ,Bombardier Inc CL-600-2C11,19
N536JB,Airbus A320-232,22
N536NK,Airbus Industrie A319-132,14
N536US,Boeing 757-251,29
N536UW,Airbus A321-231,15
N537AS,Boeing 737-890,12
N537DT,Airbus A321-271NX,1
N537EA,Bombardier Inc CL-600-2C10,14
N537GJ,Bombardier Inc CL-600-2C11,19
N537JT,Airbus A320-232,22
N537US,Boeing 757-251,28
N537UW,Airbus A321-231,15
N538AS,Boeing 737-890,12
N538CA,Bombardier Inc CL-600-2D24,16
N538DN,Airbus A321-271NX,1
N538EG,Bombardier Inc CL-600-2C10,14
N538GJ,Bombardier Inc CL-600-2C11,18
N538US,Boeing 757-251,28
N538UW,Airbus A321-231,15
N539DN,Airbus A321-271NX,1
N539EA,Bombardier Inc CL-600-2C10,14
N539GJ,Bombardier Inc CL-600-2C11,19
N539US,Boeing 757-251,28
N539UW,Airbus A321-231,15
N540DE
N540EG,Bombardier Inc CL-600-2C10,13
N540GJ,Bombardier Inc CL-600-2C11,18
N540US,Boeing 757-251,28
N540UW,Airbus A321-231,15
N541DE,Airbus A321-271NX,1
N541EA,Bombardier Inc CL-600-2C10,13
N541GJ,Bombardier Inc CL-600-2C11,19
N541US,Boeing 757-251,28
N54241,Boeing 737-824,25
N542DE,Airbus A321-271NX,1
N542EA,Bombardier Inc CL-600-2C10,13
N542US,Boeing 757-251,28
N542UW,Airbus A321-231,15
N543DE,Airbus A321-271NX,1
N543EA,Bombardier Inc CL-600-2C10,13
N543GJ,Bombardier Inc CL-600-2C11,18
N543US,Boeing 757-251,28
N543UW,Airbus A321-231,13
N544DN,Airbus A321-271NX,1
N544EA,Bombardier Inc CL-600-2C10,13
N544GJ,Bombardier Inc CL-600-2C11,18
N544US,Boeing 757-251,28
N544UW,Airbus A321-231,13
N545DE,Airbus A321-271NX,1
N545GJ,Bombardier Inc CL-600-2C11,18
N545PB,Bombardier Inc CL-600-2C10,13
N545US,Boeing 757-251,28
N545UW,Airbus A321-231,13
N546AS,Boeing 737-890,19
N546DN,Airbus A321-271NX,1
N546FF,Bombardier Inc CL-600-2C10,13
N546GJ,Bombardier Inc CL-600-2C11,16
N546US,Boeing 757-251,28
N546UW,Airbus A321-231,13
N54711,Boeing 737-724,26
N547GJ,Bombardier Inc CL-600-2C11,15
N547JB,Airbus A320-232,22
N547NN,Bombardier Inc CL-600-2D24,10
N547US,Boeing 757-251,28
N548AS,Boeing 737-890,19
N548CA,Bombardier Inc CL-600-2D24,16
N548GJ,Bombardier Inc CL-600-2C11,15
N548NN,Bombardier Inc CL-600-2D24,10
N548US,Boeing 757-251,28
N549AS,Boeing 737-8FH,19
N549CA,Bombardier Inc CL-600-2D24,16
N549DN,Airbus A321-271NX,1
N549GJ,Bombardier Inc CL-600-2C11,15
N549NN
N549US,Boeing 757-251,28
N549UW,Airbus A321-231,13
N550NN,Bombardier Inc CL-600-2D24,10
N550NW,Boeing 757-251,23
N550WN,Boeing 737-76Q,23
N551AS,Boeing 737-890,18
N551GJ,Bombardier Inc CL-600-2C11,15
N551NN,Bombardier Inc CL-600-2D24,10
N551NW,Boeing 757-251,23
N551UW,Airbus A321-231,13
N551WN,Boeing 737-76Q,23
N552AS,Boeing 737-890,18
N552GJ,Bombardier Inc CL-600-2C11,15
N552JB,Airbus A320-232,22
N552NN,Bombardier Inc CL-600-2D24,10
N552NW,Boeing 757-251,23
N552UW,Airbus A321-231,13
N553AS,Boeing 737-890,18
N553GJ,Bombardier Inc CL-600-2C11,15
N553NN,Bombardier Inc CL-600-2D24,10
N553NW,Boeing 757-251,23
N553UW,Airbus A321-231,13
N554CA,Bombardier Inc CL-600-2D24,16
N554GJ,Bombardier Inc CL-600-2C11,15
N554JB,Airbus A320-232,22
N554NN,Bombardier Inc CL-600-2D24,10
N554NW,Boeing 757-251,23
N554UW,Airbus A321-231,13
N555LV,Boeing 737-7BD,13
N555NN,Bombardier Inc CL-600-2D24,10
N555NW,Boeing 757-251,22
N556AS,Boeing 737-890,18
N556JB,Airbus A320-232,22
N556NN,Bombardier Inc CL-600-2D24,10
N556NW,Boeing 757-251,22
N556UW,Airbus A321-231,12
N556WN,Boeing 737-7BD,13
N557AS,Boeing 737-890,18
N557NN,Bombardier Inc CL-600-2D24,10
N557NW,Boeing 757-251,22
N557UW,Airbus A321-231,12
N557WN,Boeing 737-790,24
N558AS,Boeing 737-890,18
N558JB,Airbus A320-232,21
N558NN,Bombardier Inc CL-600-2D24,10
N558UW,Airbus A321-231,12
N558WN,Boeing 737-73V,22
N559AS,Boeing 737-890,18
N559JB,Airbus A320-232,21
N559NN,Bombardier Inc CL-600-2D24,10
N559UW,Airbus A321-231,12
N559WN,Boeing 737-73V,22
N560AS,Boeing 737-890,18
N560NN,Bombardier Inc CL-600-2D24,10
N560UW,Airbus A321-231,12
N560WN,Boeing 737-790,24
N561JB,Airbus A320-232,21
N561NN,Bombardier Inc CL-600-2D24,10
N561UW,Airbus A321-231,12
N561WN,Boeing 737-73V,21
N562AS,Boeing 737-890,18
N562JB,Airbus A320-232,21
N562NN,Bombardier Inc CL-600-2D24,10
N562UW,Airbus A321-231,12
N562WN,Boeing 737-790,24
N563AS,Boeing 737-890,18
N563JB,Airbus A320-232,21
N563NN,Bombardier Inc CL-600-2D24,9
N563UW,Airbus A321-231,12
N563WN,Boeing 737-752,22
N564AS,Boeing 737-890,18
N564JB,Airbus A320-232,21
N564NN,Bombardier Inc CL-600-2D24,9
N564WN,Boeing 737-73V,22
N565AS,Boeing 737-890,18
N565JB,Airbus A320-232,21
N565NN,Bombardier Inc CL-600-2D24,9
N565WN,Boeing 737-76Q,22
N566AS,Boeing 737-890,17
N566JB,Airbus A320-232,21
N566NN,Bombardier Inc CL-600-2D24,9
N566WN,Boeing 737-7CT,22
N567NN,Bombardier Inc CL-600-2D24,9
N567UW,Airbus A321-231,11
N567WN,Boeing 737-7CT,22
N56859,Boeing 757-324,20
N568AS,Boeing 737-890,17
N568DZ,Airbus Sas A350-941,9
N568JB,Airbus A320-232,21
N568NN,Bombardier Inc CL-600-2D24,9
N568UW,Airbus A321-231,11
N569AS,Boeing 737-890,17
N569DZ,Airbus Sas A350-941,8
N569JB,Airbus A320-232,21
N569NN,Bombardier Inc CL-600-2D24,9
N569WN,Boeing 737-7CT,22
N57016,Boeing 777-224,24
N570AS,Boeing 737-890,17
N570DZ
N570JB,Airbus A320-232,21
N570NN,Bombardier Inc CL-600-2D24,9
N570WN,Boeing 737-7CT,22
N57111,Boeing 757-224,30
N571DZ,Airbus Sas A350-941,8
N571JB,Airbus A320-232,21
N571NN,Bombardier Inc CL-600-2D24,9
N57286,Boeing 737-8,2
N57299,Boeing 737-8,1
N572DZ,Airbus Sas A350-941,6
N572NN,Bombardier Inc CL-600-2D24,9
N572UW,Airbus Industrie A321-231,11
N573DZ,Airbus Sas A350-941,6
N573NN,Bombardier Inc CL-600-2D24,9
N573UW,Airbus Industrie A321-231,10
N57439,Boeing 737-924ER,15
N574DZ,Airbus Sas A350-941,5
N574NN,Bombardier Inc CL-600-2D24,9
N575DZ
N575NN,Bombardier Inc CL-600-2D24,9
N575UW,Airbus Industrie A321-231,10
N576DZ
N576NN,Bombardier Inc CL-600-2D24,9
N576UW,Airbus Industrie A321-231,10
N577AS,Boeing 737-890,17
N577NN,Bombardier Inc CL-600-2D24,9
N57852,Boeing 757-324,23
N57855,Boeing 757-324,20
N57857,Boeing 757-324,20
N57862,Boeing 757-33N,23
N57863,Boeing 757-33N,23
N57864,Boeing 757-33N,23
N57868,Boeing 757-33N,22
N57869,Boeing 757-33N,22
N57870,Boeing 757-33N,21
N578GJ,Bombardier Inc CL-600-2C11,21
N578NN,Bombardier Inc CL-600-2D24,9
N578UW,Airbus Industrie A321-231,10
N579AS,Boeing 737-890,17
N579JB,Airbus A320-232,21
N579NN,Bombardier Inc CL-600-2D24,9
N579UW,Airbus Industrie A321-231,10
N580JB,Airbus A320-232,21
N580NN,Bombardier Inc CL-600-2D24,9
N580UW,Airbus A321-231,10
N58101,Boeing 757-224,30
N581AS,Boeing 737-890,17
N581NN,Bombardier Inc CL-600-2D24,9
N581NW,Boeing 757-351,22
N581UW,Airbus Industrie A321-231,10
N582CA,Bombardier Inc CL-600-2D24,16
N582NN,Bombardier Inc CL-600-2D24,9
N582NW,Boeing 757-351,22
N582UW,Airbus Industrie A321-231,10
N583AS,Boeing 737-890,17
N583JB,Airbus A320-232,20
N583NN,Bombardier Inc CL-600-2D24,8
N583NW,Boeing 757-351,22
N583UW,Airbus Industrie A321-231,10
N584AS,Boeing 737-890,17
N584JB,Airbus A320-232,20
N584NN,Bombardier Inc CL-600-2D24,8
N584NW,Boeing 757-351,22
N584UW,Airbus Industrie A321-231,10
N585AS,Boeing 737-890,17
N585JB,Airbus A320-232,20
N585NN,Bombardier Inc CL-600-2D24,8
N585NW,Boeing 757-351,22
N585UW,Airbus Industrie A321-231,10
N586AS,Boeing 737-890,17
N586JB,Airbus A320-232,20
N586NN,Bombardier Inc CL-600-2D24,8
N586NW,Boeing 757-351,22
N586UW,Airbus A321-231,10
N587AS,Boeing 737-890,17
N587JB,Airbus A320-232,20
N587NN,Bombardier Inc CL-600-2D24,8
N587NW,Boeing 757-351,22
N587UW,Airbus A321-231,10
N588AS,Boeing 737-890,17
N588JB,Airbus A320-232,20
N588NN,Bombardier Inc CL-600-2D24,8
N588NW,Boeing 757-351,21
N589AS,Boeing 737-890,17
N589JB,Airbus A320-232,20
N589NN,Bombardier Inc CL-600-2D24,8
N589NW,Boeing 757-351,21
N59053,Boeing 767-424ER,24
N590AS,Boeing 737-890,16
N590JB,Airbus A320-232,20
N590NN,Bombardier Inc CL-600-2D24,8
N590NW,Boeing 757-351,21
N591JB,Airbus A320-232,20
N591NN,Bombardier Inc CL-600-2D24,8
N591NW,Boeing 757-351,21
N592AS,Boeing 737-890,16
N592JB,Airbus A320-232,20
N592NN,Bombardier Inc CL-600-2D24,8
N592NW,Boeing 757-351,21
N593AS,Boeing 737-890,16
N593JB,Airbus A320-232,20
N593NN,Bombardier Inc CL-600-2D24,8
N593NW,Boeing 757-351,21
N594AS,Boeing 737-890,16
N594JB,Airbus A320-232,20
N594NN,Bombardier Inc CL-600-2D24,8
N594NW,Boeing 757-351,21
N595JB,Airbus A320-232,20
N595NN,Bombardier Inc CL-600-2D24,8
N595NW,Boeing 757-351,21
N596AS,Boeing 737-890,16
N596NN,Bombardier Inc CL-600-2D24,8
N596NW,Boeing 757-351,21
N597AS,Boeing 737-890,16
N597JB,Airbus A320-232,20
N597NN,Bombardier Inc CL-600-2D24,8
N598JB,Airbus A320-232,20
N598NN,Bombardier Inc CL-600-2D24,8
N599JB,Airbus A320-232,20
N599NN,Bombardier Inc CL-600-2D24,8
N600LR,Bombardier Inc CL-600-2D24,17
N600NN,Bombardier Inc CL-600-2D24,8
N601AW,Airbus A320-232,21
N601EN,Bombardier Inc CL-600-2D24,5
N601LR,Bombardier Inc CL-600-2D24,17
N601NK,Airbus A320-232,14
N601UX,Embraer S A ERJ 170-200 LL,5
N601XJ,Bombardier Inc CL-600-2B19,19
N602LR,Bombardier Inc CL-600-2D24,16
N602NK,Airbus A320-232,14
N602NN,Bombardier Inc CL-600-2D24,5
N602UX,Embraer S A ERJ 170-200 LL,5
N602XJ,Bombardier Inc CL-600-2B19,19
N603AT,Boeing 717-200,23
N603CZ,Embraer-Empresa Brasileira De ERJ 170-200 LR,17
N603FR,Airbus A321-271NX,2
N603JB,Airbus A320-232,19
N603NK,Airbus A320-232,14
N603NN,Bombardier Inc CL-600-2D24,5
N603SK,Bombardier Inc CL-600-2C10,18
N603UX,Embraer S A ERJ 170-200 LL,5
N604AW,Airbus Industrie A320-232,24
N604CZ,Embraer-Empresa Brasileira De ERJ 170-200 LR,17
N604FR,Airbus A321-271NX,2
N604LR,Bombardier Inc CL-600-2D24,17
N604NK
N604NN,Bombardier Inc CL-600-2D24,5
N604SK,Bombardier Inc CL-600-2C10,18
N604UX,Embraer S A ERJ 170-200 LL,5
N605FR,Airbus A321-271NX,2
N605JB,Airbus A320-232,19
N605LR,Bombardier Inc CL-600-2D24,16
N605NK,Airbus A320-232,13
N605NN,Bombardier Inc CL-600-2D24,5
N605UX,Embraer S A ERJ 170-200 LL,5
N606FR,Airbus A321-271NX,1
N606JB,Airbus A320-232,19
N606LR,Bombardier Inc CL-600-2D24,16
N606NK,Airbus A320-232,13
N606NN,Bombardier Inc CL-600-2D24,5
N606SK,Bombardier Inc CL-600-2C10,18
N606UX,Embraer S A ERJ 170-200 LL,5
N607AS,Boeing 737-790,25
N607AT,Boeing 717-200,24
N607CZ,Embraer-Empresa Brasileira De ERJ 170-200 LR,17
N607FR,Airbus A321-271NX,2
N607JB,Airbus A320-232,19
N607LR,Bombardier Inc CL-600-2D24,16
N607NK,Airbus Industrie A320-232,13
N607NN,Bombardier Inc CL-600-2D24,5
N607SK,Bombardier Inc CL-600-2C10,18
N607UX,Embraer S A ERJ 170-200 LL,5
N608AT,Boeing 717-200,24
N608JB,Airbus A320-232,19
N608NK,Airbus A320-232,13
N608NN,Bombardier Inc CL-600-2D24,5
N608SK,Bombardier Inc CL-600-2C10,18
N608UX,Embraer S A ERJ 170-200 LL,5
N609AS,Boeing 737-790,25
N609FR
N609NK,Airbus A320-232,13
N609NN,Bombardier Inc CL-600-2D24,5
N609SK,Bombardier Inc CL-600-2C10,22
N609UX,Embraer S A ERJ 170-200 LL,5
